StartOrder,ResultOrder,IRM,IBUId,IsTeam,Name,ShortName,FamilyName,GivenName,Nat,Bib,Leg,Rank,Shootings,ShootingTotal,RunTime,TotalTime,WC,NC,NOC,StartTime,StartInfo,StartRow,StartLane,BibColor,Behind,StartGroup,TeamId,PursuitStartDistance,Result,LegRank,TeamRankAfterLeg,StartConfirmed,ParaSportClass,ParaPercentage,ParaDeltaTime,ParaGuideName,ParaRealTime,race_id
1,1,,null,0,LESTANDER Klas,LESTANDER K.,LESTANDER,Klas,SWE,1,,1,0+0+0+0,0,null,01:33:21.6,,,,,,,,,,0.0,,,,01:33:21.6,,,,,null,,,,BT5960SWRLOG__SMIN
2,2,,null,0,TYRVAINEN Antti,TYRVAINEN A.,TYRVAINEN,Antti,FIN,2,,2,1+1+0+0,2,null,01:33:57.7,,,,,,,,,,+36.1,,,,+36.1,,,,,null,,,,BT5960SWRLOG__SMIN
3,3,,null,0,PRIVALOV Aleksandr,PRIVALOV A.,PRIVALOV,Aleksandr,URS,3,,3,0+0+0+3,3,null,01:34:54.2,,,,,,,,,,+01:32.6,,,,+01:32.6,,,,,null,,,,BT5960SWRLOG__SMIN
4,4,,null,0,MELANIN Vladimir,MELANIN V.,MELANIN,Vladimir,URS,4,,4,1+1+2+0,4,null,01:35:42.4,,,,,,,,,,+02:20.8,,,,+02:20.8,,,,,null,,,,BT5960SWRLOG__SMIN
5,5,,null,0,PSHENITSYN Valentin,PSHENITSYN V.,PSHENITSYN,Valentin,URS,5,,5,0+1+1+1,3,null,01:36:45.8,,,,,,,,,,+03:24.2,,,,+03:24.2,,,,,null,,,,BT5960SWRLOG__SMIN
6,6,,null,0,SOKOLOV Dmitri,SOKOLOV D.,SOKOLOV,Dmitri,URS,6,,6,2+0+0+3,5,null,01:38:16.7,,,,,,,,,,+04:55.1,,,,+04:55.1,,,,,null,,,,BT5960SWRLOG__SMIN
7,7,,null,0,WAERHAUG Ola,WAERHAUG O.,WAERHAUG,Ola,NOR,7,,7,0+1+0+0,1,null,01:38:35.8,,,,,,,,,,+05:14.2,,,,+05:14.2,,,,,null,,,,BT5960SWRLOG__SMIN
8,8,,null,0,MEINILA Martti,MEINILA M.,MEINILA,Martti,FIN,8,,8,0+1+2+2,5,null,01:39:17.0,,,,,,,,,,+05:55.4,,,,+05:55.4,,,,,null,,,,BT5960SWRLOG__SMIN
9,9,,null,0,WERNER Kuno,WERNER K.,WERNER,Kuno,EUA,9,,9,2+1+1+2,6,null,01:41:33.8,,,,,,,,,,+08:12.2,,,,+08:12.2,,,,,null,,,,BT5960SWRLOG__SMIN
10,10,,null,0,HERMANSEN Henry,HERMANSEN H.,HERMANSEN,Henry,NOR,10,,10,0+0+0+4,4,null,01:42:20.1,,,,,,,,,,+08:58.5,,,,+08:58.5,,,,,null,,,,BT5960SWRLOG__SMIN
11,11,,null,0,BURRITT John,BURRITT J.,BURRITT,John,USA,11,,11,0+1+3+1,5,null,01:46:36.8,,,,,,,,,,+13:15.2,,,,+13:15.2,,,,,null,,,,BT5960SWRLOG__SMIN
12,12,,null,0,HINZ Hermann,HINZ H.,HINZ,Hermann,EUA,12,,12,0+2+2+5,9,null,01:47:39.8,,,,,,,,,,+14:18.2,,,,+14:18.2,,,,,null,,,,BT5960SWRLOG__SMIN
13,13,,null,0,GUTUBERGET Hokon,GUTUBERGET H.,GUTUBERGET,Hokon,NOR,13,,13,1+1+2+3,7,null,01:49:17.5,,,,,,,,,,+15:55.9,,,,+15:55.9,,,,,null,,,,BT5960SWRLOG__SMIN
14,14,,null,0,SKRZYPIEC Jozef,SKRZYPIEC J.,SKRZYPIEC,Jozef,POL,14,,14,2+0+3+2,7,null,01:49:30.3,,,,,,,,,,+16:08.7,,,,+16:08.7,,,,,null,,,,BT5960SWRLOG__SMIN
15,15,,null,0,KUPCZYK Stanislaw,KUPCZYK S.,KUPCZYK,Stanislaw,POL,15,,15,1+2+3+1,7,null,01:49:53.9,,,,,,,,,,+16:32.3,,,,+16:32.3,,,,,null,,,,BT5960SWRLOG__SMIN
16,16,,null,0,SORMU Pentti,SORMU P.,SORMU,Pentti,FIN,16,,16,1+1+1+3,6,null,01:50:13.1,,,,,,,,,,+16:51.5,,,,+16:51.5,,,,,null,,,,BT5960SWRLOG__SMIN
17,17,,null,0,STEINEN Horst,STEINEN H.,STEINEN,Horst,EUA,17,,17,3+0+2+3,8,null,01:50:13.5,,,,,,,,,,+16:51.9,,,,+16:51.9,,,,,null,,,,BT5960SWRLOG__SMIN
18,18,,null,0,SJOBERG Tage,SJOBERG T.,SJOBERG,Tage,SWE,18,,18,0+2+1+3,6,null,01:51:03.5,,,,,,,,,,+17:41.9,,,,+17:41.9,,,,,null,,,,BT5960SWRLOG__SMIN
19,19,,null,0,OSVALD Robert,OSVALD R.,OSVALD,Robert,AUT,19,,19,1+3+2+3,9,null,01:52:31.8,,,,,,,,,,+19:10.2,,,,+19:10.2,,,,,null,,,,BT5960SWRLOG__SMIN
20,20,,null,0,KORDEK Stanislaw,KORDEK S.,KORDEK,Stanislaw,POL,20,,20,0+5+2+4,11,null,01:56:01.2,,,,,,,,,,+22:39.6,,,,+22:39.6,,,,,null,,,,BT5960SWRLOG__SMIN
21,21,,null,0,SVEEN Jon,SVEEN J.,SVEEN,Jon,NOR,21,,21,1+1+3+1,6,null,01:56:40.7,,,,,,,,,,+23:19.1,,,,+23:19.1,,,,,null,,,,BT5960SWRLOG__SMIN
22,22,,null,0,LEMOINE Jean-Claude,LEMOINE J.C.,LEMOINE,Jean-Claude,FRA,22,,22,0+0+0+0,0,null,01:56:45.3,,,,,,,,,,+23:23.7,,,,+23:23.7,,,,,null,,,,BT5960SWRLOG__SMIN
23,23,,null,0,HARRISON Larry,HARRISON L.,HARRISON,Larry,USA,23,,23,3+3+3+3,12,null,01:56:56.4,,,,,,,,,,+23:34.8,,,,+23:34.8,,,,,null,,,,BT5960SWRLOG__SMIN
24,24,,null,0,STIEGLER Hubert,STIEGLER H.,STIEGLER,Hubert,EUA,24,,24,4+3+2+0,9,null,01:57:47.5,,,,,,,,,,+24:25.9,,,,+24:25.9,,,,,null,,,,BT5960SWRLOG__SMIN
25,25,,null,0,GABRYEL Stanislaw,GABRYEL S.,GABRYEL,Stanislaw,POL,25,,25,0+0+3+4,7,null,01:57:49.1,,,,,,,,,,+24:27.5,,,,+24:27.5,,,,,null,,,,BT5960SWRLOG__SMIN
26,26,,null,0,LENNARTSSON Adolf,LENNARTSSON A.,LENNARTSSON,Adolf,SWE,26,,26,2+3+2+5,12,null,01:57:51.6,,,,,,,,,,+24:30.0,,,,+24:30.0,,,,,null,,,,BT5960SWRLOG__SMIN
27,27,,null,0,JOHANSSON Per-Olov,JOHANSSON P.O.,JOHANSSON,Per-Olov,SWE,27,,27,3+1+3+2,9,null,01:59:05.1,,,,,,,,,,+25:43.5,,,,+25:43.5,,,,,null,,,,BT5960SWRLOG__SMIN
28,28,,null,0,SNOW Richard,SNOW R.,SNOW,Richard,USA,28,,28,2+2+1+2,7,null,02:01:11.8,,,,,,,,,,+27:50.2,,,,+27:50.2,,,,,null,,,,BT5960SWRLOG__SMIN
29,29,,null,0,LINDELL Eero,LINDELL E.,LINDELL,Eero,FIN,29,,29,1+2+1+2,6,null,02:01:31.7,,,,,,,,,,+28:10.1,,,,+28:10.1,,,,,null,,,,BT5960SWRLOG__SMIN
30,30,,null,0,BUTTS Roger,BUTTS R.,BUTTS,Roger,USA,30,,30,2+3+1+3,9,null,02:05:11.2,,,,,,,,,,+31:49.6,,,,+31:49.6,,,,,null,,,,BT5960SWRLOG__SMIN
1,1,,null,0,MELANIN Vladimir,MELANIN V.,MELANIN,Vladimir,URS,23,,1,0+0+0+0,0,null,01:20:26.8,,,,,,,,,,0.0,,,,01:20:26.8,,,,,null,,,,BT6364SWRLOG__SMIN
2,2,,null,0,PRIVALOV Aleksandr,PRIVALOV A.,PRIVALOV,Aleksandr,URS,38,,2,0+0+0+0,0,null,01:23:42.5,,,,,,,,,,+03:15.7,,,,+03:15.7,,,,,null,,,,BT6364SWRLOG__SMIN
3,3,,null,0,JORDET Olav,JORDET O.,JORDET,Olav,NOR,40,,3,0+0+0+1,1,null,01:24:38.8,,,,,,,,,,+04:12.0,,,,+04:12.0,,,,,null,,,,BT6364SWRLOG__SMIN
4,4,,null,0,RECH Ralph,RECH R.,RECH,Ralph,FRA,45,,4,0+0+0+0,0,null,01:24:54.0,,,,,,,,,,+04:27.2,,,,+04:27.2,,,,,null,,,,BT6364SWRLOG__SMIN
5,5,,null,0,AMSTUTZ Jozef,AMSTUTZ J.,AMSTUTZ,Jozef,TCH,32,,5,0+0+0+0,0,null,01:25:03.3,,,,,,,,,,+04:36.5,,,,+04:36.5,,,,,null,,,,BT6364SWRLOG__SMIN
6,6,,null,0,LEGSTAD Ragnar,LEGSTAD R.,LEGSTAD,Ragnar,NOR,4,,6,1+1+1+0,3,null,01:25:35.8,,,,,,,,,,+05:09.0,,,,+05:09.0,,,,,null,,,,BT6364SWRLOG__SMIN
7,7,,null,0,BORICHEV Stojan,BORICHEV S.,BORICHEV,Stojan,BUL,33,,7,0+0+0+1,1,null,01:25:39.4,,,,,,,,,,+05:12.6,,,,+05:12.6,,,,,null,,,,BT6364SWRLOG__SMIN
8,8,,null,0,PUZANOV Nikolai,PUZANOV N.,PUZANOV,Nikolai,URS,2,,8,0+0+0+4,4,null,01:25:59.0,,,,,,,,,,+05:32.2,,,,+05:32.2,,,,,null,,,,BT6364SWRLOG__SMIN
9,9,,null,0,PSHENITSYN Valentin,PSHENITSYN V.,PSHENITSYN,Valentin,URS,12,,9,0+0+0+2,2,null,01:26:59.0,,,,,,,,,,+06:32.2,,,,+06:32.2,,,,,null,,,,BT6364SWRLOG__SMIN
10,10,,null,0,REINHARDT Hannjo,REINHARDT H.,REINHARDT,Hannjo,EUA,51,,10,0+0+0+4,4,null,01:27:37.3,,,,,,,,,,+07:10.5,,,,+07:10.5,,,,,null,,,,BT6364SWRLOG__SMIN
11,11,,null,0,WADMAN John,WADMAN J.,WADMAN,John,SWE,15,,11,0+0+0+0,0,null,01:28:11.0,,,,,,,,,,+07:44.2,,,,+07:44.2,,,,,null,,,,BT6364SWRLOG__SMIN
12,12,,null,0,BEER Helmut,BEER H.,BEER,Helmut,EUA,5,,12,1+1+0+1,3,null,01:28:14.3,,,,,,,,,,+07:47.5,,,,+07:47.5,,,,,null,,,,BT6364SWRLOG__SMIN
13,13,,null,0,PIETRUSZKA Jozef,PIETRUSZKA J.,PIETRUSZKA,Jozef,POL,8,,13,0+0+0+3,3,null,01:28:57.8,,,,,,,,,,+08:31.0,,,,+08:31.0,,,,,null,,,,BT6364SWRLOG__SMIN
14,14,,null,0,ROSTAD Jon,ROSTAD J.,ROSTAD,Jon,NOR,14,,14,1+1+0+1,3,null,01:29:16.2,,,,,,,,,,+08:49.4,,,,+08:49.4,,,,,null,,,,BT6364SWRLOG__SMIN
15,15,,null,0,TYRVAINEN Antti,TYRVAINEN A.,TYRVAINEN,Antti,FIN,20,,15,1+3+0+0,4,null,01:30:16.0,,,,,,,,,,+09:49.2,,,,+09:49.2,,,,,null,,,,BT6364SWRLOG__SMIN
16,16,,null,0,OLIN Hannu,OLIN H.,OLIN,Hannu,FIN,26,,16,1+2+1+3,7,null,01:30:17.4,,,,,,,,,,+09:50.6,,,,+09:50.6,,,,,null,,,,BT6364SWRLOG__SMIN
17,17,,null,0,ISTAD Jon,ISTAD J.,ISTAD,Jon,NOR,30,,17,2+0+0+1,3,null,01:30:20.0,,,,,,,,,,+09:53.2,,,,+09:53.2,,,,,null,,,,BT6364SWRLOG__SMIN
18,18,,null,0,EHM Paul,EHM P.,EHM,Paul,FRA,22,,18,1+0+1+0,2,null,01:30:25.8,,,,,,,,,,+09:59.0,,,,+09:59.0,,,,,null,,,,BT6364SWRLOG__SMIN
19,19,,null,0,SCHUH Herbert,SCHUH H.,SCHUH,Herbert,AUT,44,,19,2+0+0+2,4,null,01:30:27.8,,,,,,,,,,+10:01.0,,,,+10:01.0,,,,,null,,,,BT6364SWRLOG__SMIN
20,20,,null,0,STIEGLER Hubert,STIEGLER H.,STIEGLER,Hubert,EUA,39,,20,1+1+1+1,4,null,01:30:35.3,,,,,,,,,,+10:08.5,,,,+10:08.5,,,,,null,,,,BT6364SWRLOG__SMIN
21,21,,null,0,BORKOWSKI Stanislaw,BORKOWSKI S.,BORKOWSKI,Stanislaw,POL,21,,21,1+0+1+4,6,null,01:30:45.3,,,,,,,,,,+10:18.5,,,,+10:18.5,,,,,null,,,,BT6364SWRLOG__SMIN
22,22,,null,0,REINHARDT Dieter,REINHARDT D.,REINHARDT,Dieter,EUA,17,,22,0+2+1+1,4,null,01:31:32.9,,,,,,,,,,+11:06.1,,,,+11:06.1,,,,,null,,,,BT6364SWRLOG__SMIN
23,23,,null,0,SORMU Pentti,SORMU P.,SORMU,Pentti,FIN,41,,23,1+1+3+1,6,null,01:32:00.7,,,,,,,,,,+11:33.9,,,,+11:33.9,,,,,null,,,,BT6364SWRLOG__SMIN
24,24,,null,0,BRYLSKI Jozef,BRYLSKI J.,BRYLSKI,Jozef,POL,37,,24,0+0+2+0,2,null,01:32:48.2,,,,,,,,,,+12:21.4,,,,+12:21.4,,,,,null,,,,BT6364SWRLOG__SMIN
25,25,,null,0,MATOUS Ladislav,MATOUS L.,MATOUS,Ladislav,TCH,25,,25,1+0+0+1,2,null,01:34:02.6,,,,,,,,,,+13:35.8,,,,+13:35.8,,,,,null,,,,BT6364SWRLOG__SMIN
26,26,,null,0,SOSTARIĆ Marjan,SOSTARIĆ M.,SOSTARIĆ,Marjan,YUG,3,,26,2+0+1+0,3,null,01:34:03.0,,,,,,,,,,+13:36.2,,,,+13:36.2,,,,,null,,,,BT6364SWRLOG__SMIN
27,27,,null,0,HINZ Hermann,HINZ H.,HINZ,Hermann,EUA,34,,27,0+0+0+2,2,null,01:34:06.0,,,,,,,,,,+13:39.2,,,,+13:39.2,,,,,null,,,,BT6364SWRLOG__SMIN
28,28,,null,0,OSVALD Robert,OSVALD R.,OSVALD,Robert,AUT,27,,28,3+0+0+4,7,null,01:34:07.6,,,,,,,,,,+13:40.8,,,,+13:40.8,,,,,null,,,,BT6364SWRLOG__SMIN
29,29,,null,0,HARRISON Larry,HARRISON L.,HARRISON,Larry,USA,18,,29,2+2+1+1,6,null,01:34:08.5,,,,,,,,,,+13:41.7,,,,+13:41.7,,,,,null,,,,BT6364SWRLOG__SMIN
30,30,,null,0,BURRITT John,BURRITT J.,BURRITT,John,USA,46,,30,0+1+1+1,3,null,01:34:52.2,,,,,,,,,,+14:25.4,,,,+14:25.4,,,,,null,,,,BT6364SWRLOG__SMIN
31,31,,null,0,WAERHAUG Ola,WAERHAUG O.,WAERHAUG,Ola,NOR,36,,31,4+1+0+0,5,null,01:34:58.0,,,,,,,,,,+14:31.2,,,,+14:31.2,,,,,null,,,,BT6364SWRLOG__SMIN
32,32,,null,0,GUTUBERGET Hokon,GUTUBERGET H.,GUTUBERGET,Hokon,NOR,47,,32,null,0,null,01:35:10.0,,,,,,,,,,+14:43.2,,,,+14:43.2,,,,,null,,,,BT6364SWRLOG__SMIN
33,33,,null,0,SCHNABEL Egon,SCHNABEL E.,SCHNABEL,Egon,EUA,43,,33,2+0+1+5,8,null,01:35:53.0,,,,,,,,,,+15:26.2,,,,+15:26.2,,,,,null,,,,BT6364SWRLOG__SMIN
34,34,,null,0,KUPCZYK Stanislaw,KUPCZYK S.,KUPCZYK,Stanislaw,POL,48,,34,null,0,null,01:36:13.1,,,,,,,,,,+15:46.3,,,,+15:46.3,,,,,null,,,,BT6364SWRLOG__SMIN
35,35,,null,0,STIEGLER Hubert,STIEGLER H.,STIEGLER,Hubert,EUA,49,,35,null,0,null,01:36:23.0,,,,,,,,,,+15:56.2,,,,+15:56.2,,,,,null,,,,BT6364SWRLOG__SMIN
36,36,,null,0,JORDAN Charlie,JORDAN C.,JORDAN,Charlie,USA,9,,36,1+1+1+1,4,null,01:36:23.0,,,,,,,,,,+15:56.2,,,,+15:56.2,,,,,null,,,,BT6364SWRLOG__SMIN
37,37,,null,0,KORDEK Stanislaw,KORDEK S.,KORDEK,Stanislaw,POL,53,,37,null,0,null,01:36:31.0,,,,,,,,,,+16:04.2,,,,+16:04.2,,,,,null,,,,BT6364SWRLOG__SMIN
38,38,,null,0,LINDELL Eero,LINDELL E.,LINDELL,Eero,FIN,24,,38,1+2+1+3,7,null,01:37:31.0,,,,,,,,,,+17:04.2,,,,+17:04.2,,,,,null,,,,BT6364SWRLOG__SMIN
39,39,,null,0,HARRISON Peter,HARRISON P.,HARRISON,Peter,GBR,16,,39,2+1+1+3,7,null,01:37:34.0,,,,,,,,,,+17:07.2,,,,+17:07.2,,,,,null,,,,BT6364SWRLOG__SMIN
40,40,,null,0,SJOBERG Tage,SJOBERG T.,SJOBERG,Tage,SWE,29,,40,2+3+2+2,9,null,01:37:37.0,,,,,,,,,,+17:10.2,,,,+17:10.2,,,,,null,,,,BT6364SWRLOG__SMIN
41,41,,null,0,PLANK Adolf,PLANK A.,PLANK,Adolf,AUT,13,,41,2+3+0+2,7,null,01:37:38.0,,,,,,,,,,+17:11.2,,,,+17:11.2,,,,,null,,,,BT6364SWRLOG__SMIN
42,42,,null,0,LENNARTSSON Adolf,LENNARTSSON A.,LENNARTSSON,Adolf,SWE,10,,42,1+1+2+1,5,null,01:38:22.0,,,,,,,,,,+17:55.2,,,,+17:55.2,,,,,null,,,,BT6364SWRLOG__SMIN
43,43,,null,0,GENTLE Bill,GENTLE B.,GENTLE,Bill,USA,42,,43,2+2+3+1,8,null,01:38:25.0,,,,,,,,,,+17:58.2,,,,+17:58.2,,,,,null,,,,BT6364SWRLOG__SMIN
44,44,,null,0,SORMU Pentti,SORMU P.,SORMU,Pentti,FIN,35,,44,null,0,null,01:38:33.0,,,,,,,,,,+18:06.2,,,,+18:06.2,,,,,null,,,,BT6364SWRLOG__SMIN
45,45,,null,0,ROSTAD Ola,ROSTAD O.,ROSTAD,Ola,NOR,52,,45,null,0,null,01:39:12.0,,,,,,,,,,+18:45.2,,,,+18:45.2,,,,,null,,,,BT6364SWRLOG__SMIN
46,46,,null,0,HINZ Hermann,HINZ H.,HINZ,Hermann,EUA,34,,46,null,0,null,01:39:41.0,,,,,,,,,,+19:14.2,,,,+19:14.2,,,,,null,,,,BT6364SWRLOG__SMIN
47,47,,null,0,BUTTS Roger,BUTTS R.,BUTTS,Roger,USA,28,,47,null,0,null,01:40:22.0,,,,,,,,,,+19:55.2,,,,+19:55.2,,,,,null,,,,BT6364SWRLOG__SMIN
48,48,,null,0,MAIN Alan,MAIN A.,MAIN,Alan,GBR,50,,48,null,0,null,01:40:41.0,,,,,,,,,,+20:14.2,,,,+20:14.2,,,,,null,,,,BT6364SWRLOG__SMIN
49,49,,null,0,GABRYEL Stanislaw,GABRYEL S.,GABRYEL,Stanislaw,POL,1,,49,null,0,null,01:42:12.0,,,,,,,,,,+21:45.2,,,,+21:45.2,,,,,null,,,,BT6364SWRLOG__SMIN
50,50,,null,0,OSVALD Robert,OSVALD R.,OSVALD,Robert,AUT,27,,50,null,0,null,01:43:08.0,,,,,,,,,,+22:41.2,,,,+22:41.2,,,,,null,,,,BT6364SWRLOG__SMIN
51,51,,null,0,SNOW Richard,SNOW R.,SNOW,Richard,USA,12,,51,null,0,null,01:44:11.0,,,,,,,,,,+23:44.2,,,,+23:44.2,,,,,null,,,,BT6364SWRLOG__SMIN
1,1,,null,0,SOLBERG Magnar,SOLBERG M.,SOLBERG,Magnar,NOR,42,,1,0+0+0+0,0,null,01:13:45.9,,,,,,,,,,0.0,,,,01:13:45.9,,,,,null,,,,BT6768SWRLOG__SMIN
2,2,,null,0,TIKHONOV Alexander,TIKHONOV A.,TIKHONOV,Alexander,URS,34,,2,1+1+0+0,2,null,01:14:40.4,,,,,,,,,,+54.5,,,,+54.5,,,,,null,,,,BT6768SWRLOG__SMIN
3,3,,null,0,GUNDARTSEV Vladimir,GUNDARTSEV V.,GUNDARTSEV,Vladimir,URS,8,,3,0+0+1+1,2,null,01:18:27.4,,,,,,,,,,+04:41.5,,,,+04:41.5,,,,,null,,,,BT6768SWRLOG__SMIN
4,4,,null,0,GREGORCZYK Stanislaw,GREGORCZYK S.,GREGORCZYK,Stanislaw,POL,27,,4,1+0+0+0,1,null,01:18:31.7,,,,,,,,,,+04:45.8,,,,+04:45.8,,,,,null,,,,BT6768SWRLOG__SMIN
5,5,,null,0,PRIVALOV Aleksandr,PRIVALOV A.,PRIVALOV,Aleksandr,URS,59,,5,1+1+1+0,3,null,01:18:48.7,,,,,,,,,,+05:02.8,,,,+05:02.8,,,,,null,,,,BT6768SWRLOG__SMIN
6,6,,null,0,JORDET Olav,JORDET O.,JORDET,Olav,NOR,13,,6,0+1+1+1,3,null,01:19:03.7,,,,,,,,,,+05:17.8,,,,+05:17.8,,,,,null,,,,BT6768SWRLOG__SMIN
7,7,,null,0,ARWIDSON Lars-Goran,ARWIDSON L.G.,ARWIDSON,Lars-Goran,SWE,10,,7,0+0+1+0,1,null,01:20:08.4,,,,,,,,,,+06:22.5,,,,+06:22.5,,,,,null,,,,BT6768SWRLOG__SMIN
8,8,,null,0,PUZANOV Nikolai,PUZANOV N.,PUZANOV,Nikolai,URS,46,,8,1+1+1+0,3,null,01:20:14.5,,,,,,,,,,+06:28.6,,,,+06:28.6,,,,,null,,,,BT6768SWRLOG__SMIN
9,9,,null,0,CHRESTA Viktor,CHRESTA V.,CHRESTA,Viktor,TCH,29,,9,0+1+0+1,2,null,01:20:34.5,,,,,,,,,,+06:48.6,,,,+06:48.6,,,,,null,,,,BT6768SWRLOG__SMIN
10,10,,null,0,KOSSAKOWSKI Isidor,KOSSAKOWSKI I.,KOSSAKOWSKI,Isidor,POL,5,,10,2+2+0+2,6,null,01:20:45.1,,,,,,,,,,+06:59.2,,,,+06:59.2,,,,,null,,,,BT6768SWRLOG__SMIN
11,11,,null,0,ISTAD Jon,ISTAD J.,ISTAD,Jon,NOR,52,,11,0+1+1+0,2,null,01:20:53.1,,,,,,,,,,+07:07.2,,,,+07:07.2,,,,,null,,,,BT6768SWRLOG__SMIN
12,12,,null,0,GUTUBERGET Ola,GUTUBERGET O.,GUTUBERGET,Ola,NOR,30,,12,0+2+1+0,3,null,01:21:21.6,,,,,,,,,,+07:35.7,,,,+07:35.7,,,,,null,,,,BT6768SWRLOG__SMIN
13,13,,null,0,SORMU Pentti,SORMU P.,SORMU,Pentti,FIN,47,,13,null,0,null,01:21:23.0,,,,,,,,,,+07:37.1,,,,+07:37.1,,,,,null,,,,BT6768SWRLOG__SMIN
14,14,,null,0,SCHNABEL Egon,SCHNABEL E.,SCHNABEL,Egon,GDR,25,,14,1+1+0+0,2,null,01:21:31.0,,,,,,,,,,+07:45.1,,,,+07:45.1,,,,,null,,,,BT6768SWRLOG__SMIN
15,15,,null,0,BORKOWSKI Stanislaw,BORKOWSKI S.,BORKOWSKI,Stanislaw,POL,53,,15,null,0,null,01:21:31.0,,,,,,,,,,+07:45.1,,,,+07:45.1,,,,,null,,,,BT6768SWRLOG__SMIN
16,16,,null,0,PLOVHARY Arvo,PLOVHARY A.,PLOVHARY,Arvo,FIN,19,,16,null,0,null,01:21:38.0,,,,,,,,,,+07:52.1,,,,+07:52.1,,,,,null,,,,BT6768SWRLOG__SMIN
17,17,,null,0,KORDEK Stanislaw,KORDEK S.,KORDEK,Stanislaw,POL,44,,17,null,0,null,01:21:50.0,,,,,,,,,,+08:04.1,,,,+08:04.1,,,,,null,,,,BT6768SWRLOG__SMIN
18,18,,null,0,REINHARDT Dieter,REINHARDT D.,REINHARDT,Dieter,FRG,40,,18,null,0,null,01:22:15.0,,,,,,,,,,+08:29.1,,,,+08:29.1,,,,,null,,,,BT6768SWRLOG__SMIN
19,19,,null,0,OLIN Hannu,OLIN H.,OLIN,Hannu,FIN,12,,19,null,0,null,01:22:20.0,,,,,,,,,,+08:34.1,,,,+08:34.1,,,,,null,,,,BT6768SWRLOG__SMIN
20,20,,null,0,KOSSAKOWSKI Jan,KOSSAKOWSKI J.,KOSSAKOWSKI,Jan,POL,20,,20,null,0,null,01:22:21.0,,,,,,,,,,+08:35.1,,,,+08:35.1,,,,,null,,,,BT6768SWRLOG__SMIN
21,21,,null,0,FLOCIC Claude,FLOCIC C.,FLOCIC,Claude,FRA,41,,21,null,0,null,01:22:23.0,,,,,,,,,,+08:37.1,,,,+08:37.1,,,,,null,,,,BT6768SWRLOG__SMIN
22,22,,null,0,TYRVAINEN Antti,TYRVAINEN A.,TYRVAINEN,Antti,FIN,35,,22,null,0,null,01:22:24.0,,,,,,,,,,+08:38.1,,,,+08:38.1,,,,,null,,,,BT6768SWRLOG__SMIN
23,23,,null,0,LEGSTAD Ragnar,LEGSTAD R.,LEGSTAD,Ragnar,NOR,50,,23,null,0,null,01:22:30.0,,,,,,,,,,+08:44.1,,,,+08:44.1,,,,,null,,,,BT6768SWRLOG__SMIN
24,24,,null,0,OSVALD Robert,OSVALD R.,OSVALD,Robert,AUT,2,,24,null,0,null,01:23:08.0,,,,,,,,,,+09:22.1,,,,+09:22.1,,,,,null,,,,BT6768SWRLOG__SMIN
25,25,,null,0,JORDAN Charlie,JORDAN C.,JORDAN,Charlie,USA,36,,25,null,0,null,01:23:23.0,,,,,,,,,,+09:37.1,,,,+09:37.1,,,,,null,,,,BT6768SWRLOG__SMIN
26,26,,null,0,SCHUH Herbert,SCHUH H.,SCHUH,Herbert,AUT,16,,26,null,0,null,01:23:41.0,,,,,,,,,,+09:55.1,,,,+09:55.1,,,,,null,,,,BT6768SWRLOG__SMIN
27,27,,null,0,BORKOWSKI Stanislaw,BORKOWSKI S.,BORKOWSKI,Stanislaw,POL,21,,27,null,0,null,01:23:45.0,,,,,,,,,,+09:59.1,,,,+09:59.1,,,,,null,,,,BT6768SWRLOG__SMIN
28,28,,null,0,WADMAN John,WADMAN J.,WADMAN,John,SWE,15,,28,null,0,null,01:24:11.0,,,,,,,,,,+10:25.1,,,,+10:25.1,,,,,null,,,,BT6768SWRLOG__SMIN
29,29,,null,0,LEGSTAD Ragnar,LEGSTAD R.,LEGSTAD,Ragnar,NOR,4,,29,null,0,null,01:24:16.0,,,,,,,,,,+10:30.1,,,,+10:30.1,,,,,null,,,,BT6768SWRLOG__SMIN
30,30,,null,0,RECH Ralph,RECH R.,RECH,Ralph,FRA,45,,30,null,0,null,01:24:54.0,,,,,,,,,,+11:08.1,,,,+11:08.1,,,,,null,,,,BT6768SWRLOG__SMIN
31,31,,null,0,GENTLE Bill,GENTLE B.,GENTLE,Bill,USA,24,,31,null,8,null,01:25:22.3,,,,,,,,,,+11:36.4,,,,+11:36.4,,,,,null,,,,BT6768SWRLOG__SMIN
32,32,,null,0,BARTUSKA Vilmoš,BARTUSKA V.,BARTUSKA,Vilmoš,TCH,48,,32,null,1,null,01:25:44.5,,,,,,,,,,+11:58.6,,,,+11:58.6,,,,,null,,,,BT6768SWRLOG__SMIN
33,33,,null,0,STOPKA Andrzej,STOPKA A.,STOPKA,Andrzej,POL,54,,33,null,4,null,01:25:54.9,,,,,,,,,,+12:09.0,,,,+12:09.0,,,,,null,,,,BT6768SWRLOG__SMIN
34,34,,null,0,ROUVY Guy,ROUVY G.,ROUVY,Guy,FRA,1,,34,null,3,null,01:26:09.0,,,,,,,,,,+12:23.1,,,,+12:23.1,,,,,null,,,,BT6768SWRLOG__SMIN
35,35,,null,0,VILLA Jean-Claude,VILLA J.C.,VILLA,Jean-Claude,FRA,15,,35,null,7,null,01:26:16.1,,,,,,,,,,+12:30.2,,,,+12:30.2,,,,,null,,,,BT6768SWRLOG__SMIN
36,36,,null,0,HEIKKINEN Yrjö,HEIKKINEN Y.,HEIKKINEN,Yrjö,FIN,56,,36,null,3,null,01:26:11.6,,,,,,,,,,+12:25.7,,,,+12:25.7,,,,,null,,,,BT6768SWRLOG__SMIN
37,37,,null,0,MATOUŠ Ladislav,MATOUŠ L.,MATOUŠ,Ladislav,TCH,51,,37,null,5,null,01:26:35.8,,,,,,,,,,+12:49.9,,,,+12:49.9,,,,,null,,,,BT6768SWRLOG__SMIN
38,38,,null,0,CARNEY Edward,CARNEY E.,CARNEY,Edward,USA,31,,38,null,8,null,01:27:01.3,,,,,,,,,,+13:15.4,,,,+13:15.4,,,,,null,,,,BT6768SWRLOG__SMIN
39,39,,null,0,HARRISON Larry,HARRISON L.,HARRISON,Larry,USA,14,,39,null,12,null,01:27:09.5,,,,,,,,,,+13:23.6,,,,+13:23.6,,,,,null,,,,BT6768SWRLOG__SMIN
40,40,,null,0,STIEGLER Hubert,STIEGLER H.,STIEGLER,Hubert,AUT,43,,40,null,11,null,01:27:11.0,,,,,,,,,,+13:25.1,,,,+13:25.1,,,,,null,,,,BT6768SWRLOG__SMIN
41,41,,null,0,KOSSAKOWSKI Jan,KOSSAKOWSKI J.,KOSSAKOWSKI,Jan,POL,20,,41,null,6,null,01:27:21.0,,,,,,,,,,+13:35.1,,,,+13:35.1,,,,,null,,,,BT6768SWRLOG__SMIN
42,42,,null,0,BEER Helmut,BEER H.,BEER,Helmut,FRG,33,,42,null,6,null,01:28:14.3,,,,,,,,,,+14:28.4,,,,+14:28.4,,,,,null,,,,BT6768SWRLOG__SMIN
43,43,,null,0,OLIN Hannu,OLIN H.,OLIN,Hannu,FIN,26,,43,null,7,null,01:28:17.4,,,,,,,,,,+14:31.5,,,,+14:31.5,,,,,null,,,,BT6768SWRLOG__SMIN
44,44,,null,0,PLANK Adolf,PLANK A.,PLANK,Adolf,AUT,38,,44,null,7,null,01:29:33.1,,,,,,,,,,+15:47.2,,,,+15:47.2,,,,,null,,,,BT6768SWRLOG__SMIN
45,45,,null,0,MEINILÄ Martti,MEINILÄ M.,MEINILÄ,Martti,FIN,4,,45,null,12,null,01:29:43.0,,,,,,,,,,+15:57.1,,,,+15:57.1,,,,,null,,,,BT6768SWRLOG__SMIN
46,46,,null,0,OSVALD Robert,OSVALD R.,OSVALD,Robert,AUT,27,,46,null,12,null,01:30:10.7,,,,,,,,,,+16:24.8,,,,+16:24.8,,,,,null,,,,BT6768SWRLOG__SMIN
47,47,,null,0,REINHARDT Hannjo,REINHARDT H.,REINHARDT,Hannjo,GDR,6,,47,null,11,null,01:30:39.1,,,,,,,,,,+16:53.2,,,,+16:53.2,,,,,null,,,,BT6768SWRLOG__SMIN
48,48,,null,0,WAERHAUG Ola,WAERHAUG O.,WAERHAUG,Ola,NOR,18,,48,null,14,null,01:31:13.1,,,,,,,,,,+17:27.2,,,,+17:27.2,,,,,null,,,,BT6768SWRLOG__SMIN
49,49,,null,0,BUTTS Roger,BUTTS R.,BUTTS,Roger,USA,53,,49,null,11,null,01:32:00.9,,,,,,,,,,+18:15.0,,,,+18:15.0,,,,,null,,,,BT6768SWRLOG__SMIN
50,50,,null,0,ALBANESI Ermanno,ALBANESI E.,ALBANESI,Ermanno,ITA,3,,50,null,13,null,01:32:06.1,,,,,,,,,,+18:20.2,,,,+18:20.2,,,,,null,,,,BT6768SWRLOG__SMIN
51,51,,null,0,HARRISON Peter,HARRISON P.,HARRISON,Peter,GBR,58,,51,null,12,null,01:32:09.2,,,,,,,,,,+18:23.3,,,,+18:23.3,,,,,null,,,,BT6768SWRLOG__SMIN
52,52,,null,0,FLOCIC Claude,FLOCIC C.,FLOCIC,Claude,FRA,41,,52,null,10,null,01:32:15.3,,,,,,,,,,+18:29.4,,,,+18:29.4,,,,,null,,,,BT6768SWRLOG__SMIN
53,53,,null,0,SORMU Pentti,SORMU P.,SORMU,Pentti,FIN,35,,53,null,15,null,01:33:04.6,,,,,,,,,,+19:18.7,,,,+19:18.7,,,,,null,,,,BT6768SWRLOG__SMIN
54,54,,null,0,ROSTAD Ola,ROSTAD O.,ROSTAD,Ola,NOR,52,,54,null,12,null,01:35:12.0,,,,,,,,,,+21:26.1,,,,+21:26.1,,,,,null,,,,BT6768SWRLOG__SMIN
55,55,,null,0,MAIN Alan,MAIN A.,MAIN,Alan,GBR,55,,55,null,12,null,01:37:03.5,,,,,,,,,,+23:17.6,,,,+23:17.6,,,,,null,,,,BT6768SWRLOG__SMIN
56,56,,null,0,SNOW Richard,SNOW R.,SNOW,Richard,USA,12,,56,null,15,null,01:37:31.4,,,,,,,,,,+23:45.5,,,,+23:45.5,,,,,null,,,,BT6768SWRLOG__SMIN
57,57,,null,0,NOTLEY Marcus,NOTLEY M.,NOTLEY,Marcus,GBR,17,,57,null,7,null,01:37:51.6,,,,,,,,,,+24:05.7,,,,+24:05.7,,,,,null,,,,BT6768SWRLOG__SMIN
58,58,,null,0,FERRARI Costantino,FERRARI C.,FERRARI,Costantino,ITA,11,,58,null,14,null,01:38:08.2,,,,,,,,,,+24:22.3,,,,+24:22.3,,,,,null,,,,BT6768SWRLOG__SMIN
59,59,,null,0,TENTORI Alberto,TENTORI A.,TENTORI,Alberto,ITA,32,,59,null,12,null,01:38:15.3,,,,,,,,,,+24:29.4,,,,+24:29.4,,,,,null,,,,BT6768SWRLOG__SMIN
60,60,,null,0,STEVENS Guy,STEVENS G.,STEVENS,Guy,GBR,49,,60,null,13,null,01:46:50.7,,,,,,,,,,+33:04.8,,,,+33:04.8,,,,,null,,,,BT6768SWRLOG__SMIN
1,1,,null,1,USSR,USSR,,null,URS,1,,1,,2,null,02:13:02.4,,,,,,,,,,0.0,,,,02:13:02.4,,,,,null,,,,BT6768SWRLOG__SMRL
1,1,,null,0,TIKHONOV Alexander,TIKHONOV A.,TIKHONOV,Alexander,URS,1,1,1,1+1,2,null,00:33:33.3,,,,,,,,,,null,,,,null,1,1,null,,,,BT6768SWRLOG__SMRL
1,1,,null,0,PUZANOV Nikolai,PUZANOV N.,PUZANOV,Nikolai,URS,1,2,1,0+0,0,null,00:32:59.5,,,,,,,,,,null,,,,null,2,1,null,,,,BT6768SWRLOG__SMRL
1,1,,null,0,MAMATOV Viktor,MAMATOV V.,MAMATOV,Viktor,URS,1,3,1,0+0,0,null,00:32:48.5,,,,,,,,,,null,,,,null,2,1,null,,,,BT6768SWRLOG__SMRL
1,1,,null,0,GUNDARTSEV Vladimir,GUNDARTSEV V.,GUNDARTSEV,Vladimir,URS,1,4,1,0+1,1,null,00:33:41.1,,,,,,,,,,null,,,,null,2,1,null,,,,BT6768SWRLOG__SMRL
2,2,,null,1,NORWAY,NORWAY,,null,NOR,2,,2,,5,null,02:14:50.2,,,,,,,,,,+01:47.8,,,,+01:47.8,,,,,null,,,,BT6768SWRLOG__SMRL
2,2,,null,0,WAERHAUG Ola,WAERHAUG O.,WAERHAUG,Ola,NOR,2,1,2,1+0,1,null,00:35:12.1,,,,,,,,,,null,,,,null,3,3,null,,,,BT6768SWRLOG__SMRL
2,2,,null,0,JORDET Olav,JORDET O.,JORDET,Olav,NOR,2,2,2,0+2,2,null,00:34:06.8,,,,,,,,,,null,,,,null,4,4,null,,,,BT6768SWRLOG__SMRL
2,2,,null,0,SOLBERG Magnar,SOLBERG M.,SOLBERG,Magnar,NOR,2,3,2,0+0,0,null,00:32:19.8,,,,,,,,,,null,,,,null,1,2,null,,,,BT6768SWRLOG__SMRL
2,2,,null,0,ISTAD Jon,ISTAD J.,ISTAD,Jon,NOR,2,4,2,0+2,2,null,00:33:11.5,,,,,,,,,,null,,,,null,1,2,null,,,,BT6768SWRLOG__SMRL
3,3,,null,1,SWEDEN,SWEDEN,,null,SWE,3,,3,,0,null,02:17:26.3,,,,,,,,,,+04:23.9,,,,+04:23.9,,,,,null,,,,BT6768SWRLOG__SMRL
3,3,,null,0,ARWIDSON Lars-Goran,ARWIDSON L.G.,ARWIDSON,Lars-Goran,SWE,3,1,3,0+0,0,null,00:34:13.3,,,,,,,,,,null,,,,null,2,2,null,,,,BT6768SWRLOG__SMRL
3,3,,null,0,OLSSON Olle,OLSSON O.,OLSSON,Olle,SWE,3,2,3,0+0,0,null,00:35:03.8,,,,,,,,,,null,,,,null,6,3,null,,,,BT6768SWRLOG__SMRL
3,3,,null,0,ERIKSSON Sten,ERIKSSON S.,ERIKSSON,Sten,SWE,3,3,3,0+0,0,null,00:35:00.0,,,,,,,,,,null,,,,null,5,3,null,,,,BT6768SWRLOG__SMRL
3,3,,null,0,PETTERSSON Holmfrid,PETTERSSON H.,PETTERSSON,Holmfrid,SWE,3,4,3,0+0,0,null,00:33:09.2,,,,,,,,,,null,,,,null,3,3,null,,,,BT6768SWRLOG__SMRL
4,4,,null,1,POLAND,POLAND,,null,POL,4,,4,,4,null,02:20:19.6,,,,,,,,,,+07:17.2,,,,+07:17.2,,,,,null,,,,BT6768SWRLOG__SMRL
4,4,,null,0,BORKOWSKI Jozef,BORKOWSKI J.,BORKOWSKI,Jozef,POL,4,1,4,0+2,2,null,00:36:46.3,,,,,,,,,,null,,,,null,6,6,null,,,,BT6768SWRLOG__SMRL
4,4,,null,0,RUZYCKI Hubert,RUZYCKI H.,RUZYCKI,Hubert,POL,4,2,4,1+0,1,null,00:34:01.5,,,,,,,,,,null,,,,null,3,5,null,,,,BT6768SWRLOG__SMRL
4,4,,null,0,STOPKA Stanislaw,STOPKA S.,STOPKA,Stanislaw,POL,4,3,4,0+0,0,null,00:34:39.3,,,,,,,,,,null,,,,null,4,4,null,,,,BT6768SWRLOG__SMRL
4,4,,null,0,KOSSAKOWSKI Jan,KOSSAKOWSKI J.,KOSSAKOWSKI,Jan,POL,4,4,4,1+0,1,null,00:34:52.5,,,,,,,,,,null,,,,null,4,4,null,,,,BT6768SWRLOG__SMRL
5,5,,null,1,FINLAND,FINLAND,,null,FIN,5,,5,,5,null,02:20:41.8,,,,,,,,,,+07:39.4,,,,+07:39.4,,,,,null,,,,BT6768SWRLOG__SMRL
5,5,,null,0,FLOCIC Juhani,FLOCIC J.,FLOCIC,Juhani,FIN,5,1,5,0+0,0,null,00:36:12.0,,,,,,,,,,null,,,,null,5,5,null,,,,BT6768SWRLOG__SMRL
5,5,,null,0,SORMU Heikki,SORMU H.,SORMU,Heikki,FIN,5,2,5,0+1,1,null,00:35:07.1,,,,,,,,,,null,,,,null,7,6,null,,,,BT6768SWRLOG__SMRL
5,5,,null,0,KALLIOLA Kalevi,KALLIOLA K.,KALLIOLA,Kalevi,FIN,5,3,5,0+1,1,null,00:36:03.1,,,,,,,,,,null,,,,null,10,7,null,,,,BT6768SWRLOG__SMRL
5,5,,null,0,SUUTARINEN Arve,SUUTARINEN A.,SUUTARINEN,Arve,FIN,5,4,5,1+2,3,null,00:33:19.6,,,,,,,,,,null,,,,null,2,5,null,,,,BT6768SWRLOG__SMRL
6,6,,null,1,GDR,GDR,,null,GDR,6,,6,,4,null,02:21:54.5,,,,,,,,,,+08:52.1,,,,+08:52.1,,,,,null,,,,BT6768SWRLOG__SMRL
6,6,,null,0,MUNCH Heinz,MUNCH H.,MUNCH,Heinz,GDR,6,1,6,0+1,1,null,00:37:46.2,,,,,,,,,,null,,,,null,10,10,null,,,,BT6768SWRLOG__SMRL
6,6,,null,0,SPEER Dieter,SPEER D.,SPEER,Dieter,GDR,6,2,6,0+1,1,null,00:34:07.1,,,,,,,,,,null,,,,null,5,7,null,,,,BT6768SWRLOG__SMRL
6,6,,null,0,KOSCHKA Horst,KOSCHKA H.,KOSCHKA,Horst,GDR,6,3,6,0+0,0,null,00:35:15.4,,,,,,,,,,null,,,,null,6,6,null,,,,BT6768SWRLOG__SMRL
6,6,,null,0,SCHNABEL Hans-Gert,SCHNABEL H.G.,SCHNABEL,Hans-Gert,GDR,6,4,6,0+2,2,null,00:34:45.8,,,,,,,,,,null,,,,null,5,6,null,,,,BT6768SWRLOG__SMRL
7,7,,null,1,ROMANIA,ROMANIA,,null,ROU,7,,7,,4,null,02:25:39.8,,,,,,,,,,+12:37.4,,,,+12:37.4,,,,,null,,,,BT6768SWRLOG__SMRL
7,7,,null,0,GHEORGHE Constantin,GHEORGHE C.,GHEORGHE,Constantin,ROU,7,1,7,0+0,0,null,00:36:54.2,,,,,,,,,,null,,,,null,7,7,null,,,,BT6768SWRLOG__SMRL
7,7,,null,0,CIMPOIA Nicolae,CIMPOIA N.,CIMPOIA,Nicolae,ROU,7,2,7,0+0,0,null,00:36:21.0,,,,,,,,,,null,,,,null,9,8,null,,,,BT6768SWRLOG__SMRL
7,7,,null,0,CARABELA Vilmoš,CARABELA V.,CARABELA,Vilmoš,ROU,7,3,7,0+1,1,null,00:35:41.1,,,,,,,,,,null,,,,null,7,8,null,,,,BT6768SWRLOG__SMRL
7,7,,null,0,FONTANA Nicolae,FONTANA N.,FONTANA,Nicolae,ROU,7,4,7,0+3,3,null,00:36:43.5,,,,,,,,,,null,,,,null,10,7,null,,,,BT6768SWRLOG__SMRL
8,8,,null,1,USA,USA,,null,USA,8,,8,,8,null,02:28:35.5,,,,,,,,,,+15:33.1,,,,+15:33.1,,,,,null,,,,BT6768SWRLOG__SMRL
8,8,,null,0,BURRITT John,BURRITT J.,BURRITT,John,USA,8,1,8,2+0,2,null,00:37:46.1,,,,,,,,,,null,,,,null,9,9,null,,,,BT6768SWRLOG__SMRL
8,8,,null,0,CARNEY Edward,CARNEY E.,CARNEY,Edward,USA,8,2,8,2+1,3,null,00:37:33.7,,,,,,,,,,null,,,,null,11,10,null,,,,BT6768SWRLOG__SMRL
8,8,,null,0,GENTLE Bill,GENTLE B.,GENTLE,Bill,USA,8,3,8,0+1,1,null,00:37:47.7,,,,,,,,,,null,,,,null,11,10,null,,,,BT6768SWRLOG__SMRL
8,8,,null,0,JORDAN Charlie,JORDAN C.,JORDAN,Charlie,USA,8,4,8,0+2,2,null,00:35:28.0,,,,,,,,,,null,,,,null,6,8,null,,,,BT6768SWRLOG__SMRL
9,9,,null,1,FRANCE,FRANCE,,null,FRA,9,,9,,10,null,02:28:44.6,,,,,,,,,,+15:42.2,,,,+15:42.2,,,,,null,,,,BT6768SWRLOG__SMRL
9,9,,null,0,DUMONT Daniel,DUMONT D.,DUMONT,Daniel,FRA,9,1,9,0+3,3,null,00:37:11.5,,,,,,,,,,null,,,,null,8,8,null,,,,BT6768SWRLOG__SMRL
9,9,,null,0,GERMAIN Serge,GERMAIN S.,GERMAIN,Serge,FRA,9,2,9,2+2,4,null,00:37:11.7,,,,,,,,,,null,,,,null,10,9,null,,,,BT6768SWRLOG__SMRL
9,9,,null,0,BARTHELEMY Aimé,BARTHELEMY A.,BARTHELEMY,Aimé,FRA,9,3,9,1+2,3,null,00:36:46.0,,,,,,,,,,null,,,,null,9,9,null,,,,BT6768SWRLOG__SMRL
9,9,,null,0,VILLA Jean-Claude,VILLA J.C.,VILLA,Jean-Claude,FRA,9,4,9,0+0,0,null,00:37:35.4,,,,,,,,,,null,,,,null,11,9,null,,,,BT6768SWRLOG__SMRL
10,10,,null,1,FRG,FRG,,null,FRG,10,,10,,6,null,02:29:56.6,,,,,,,,,,+16:54.2,,,,+16:54.2,,,,,null,,,,BT6768SWRLOG__SMRL
10,10,,null,0,REINHARDT Dieter,REINHARDT D.,REINHARDT,Dieter,FRG,10,1,10,1+0,1,null,00:40:30.3,,,,,,,,,,null,,,,null,13,13,null,,,,BT6768SWRLOG__SMRL
10,10,,null,0,BEER Helmut,BEER H.,BEER,Helmut,FRG,10,2,10,1+1,2,null,00:36:09.1,,,,,,,,,,null,,,,null,8,12,null,,,,BT6768SWRLOG__SMRL
10,10,,null,0,SCHUH Herbert,SCHUH H.,SCHUH,Herbert,FRG,10,3,10,0+2,2,null,00:36:31.5,,,,,,,,,,null,,,,null,8,11,null,,,,BT6768SWRLOG__SMRL
10,10,,null,0,STIEGLER Theo,STIEGLER T.,STIEGLER,Theo,FRG,10,4,10,1+0,1,null,00:36:45.7,,,,,,,,,,null,,,,null,9,10,null,,,,BT6768SWRLOG__SMRL
11,11,,null,1,ITALY,ITALY,,null,ITA,11,,11,,11,null,02:33:53.5,,,,,,,,,,+20:51.1,,,,+20:51.1,,,,,null,,,,BT6768SWRLOG__SMRL
11,11,,null,0,TENTORI Alberto,TENTORI A.,TENTORI,Alberto,ITA,11,1,11,3+0,3,null,00:44:20.2,,,,,,,,,,null,,,,null,14,14,null,,,,BT6768SWRLOG__SMRL
11,11,,null,0,ALBANESI Ermanno,ALBANESI E.,ALBANESI,Ermanno,ITA,11,2,11,1+3,4,null,00:35:44.7,,,,,,,,,,null,,,,null,6,13,null,,,,BT6768SWRLOG__SMRL
11,11,,null,0,FERRARI Costantino,FERRARI C.,FERRARI,Costantino,ITA,11,3,11,0+3,3,null,00:36:43.0,,,,,,,,,,null,,,,null,10,13,null,,,,BT6768SWRLOG__SMRL
11,11,,null,0,TENTORI Giovanni,TENTORI G.,TENTORI,Giovanni,ITA,11,4,11,0+1,1,null,00:37:05.6,,,,,,,,,,null,,,,null,12,11,null,,,,BT6768SWRLOG__SMRL
12,12,,null,1,GREAT BRITAIN,GREAT BRITAIN,,null,GBR,12,,12,,9,null,02:34:40.9,,,,,,,,,,+21:38.5,,,,+21:38.5,,,,,null,,,,BT6768SWRLOG__SMRL
12,12,,null,0,NOTLEY Marcus,NOTLEY M.,NOTLEY,Marcus,GBR,12,1,12,0+2,2,null,00:38:57.4,,,,,,,,,,null,,,,null,12,12,null,,,,BT6768SWRLOG__SMRL
12,12,,null,0,MAIN Alan,MAIN A.,MAIN,Alan,GBR,12,2,12,2+3,5,null,00:39:23.3,,,,,,,,,,null,,,,null,12,11,null,,,,BT6768SWRLOG__SMRL
12,12,,null,0,HARRISON Peter,HARRISON P.,HARRISON,Peter,GBR,12,3,12,1+1,2,null,00:39:58.4,,,,,,,,,,null,,,,null,12,12,null,,,,BT6768SWRLOG__SMRL
12,12,,null,0,STEVENS Guy,STEVENS G.,STEVENS,Guy,GBR,12,4,12,0+0,0,null,00:36:21.8,,,,,,,,,,null,,,,null,8,12,null,,,,BT6768SWRLOG__SMRL
13,13,,null,1,JAPAN,JAPAN,,null,JPN,13,,13,,9,null,02:35:21.0,,,,,,,,,,+22:18.6,,,,+22:18.6,,,,,null,,,,BT6768SWRLOG__SMRL
13,13,,null,0,ONO Isao,ONO I.,ONO,Isao,JPN,13,1,13,2+0,2,null,00:38:42.3,,,,,,,,,,null,,,,null,11,11,null,,,,BT6768SWRLOG__SMRL
13,13,,null,0,SHIBATA Miki,SHIBATA M.,SHIBATA,Miki,JPN,13,2,13,3+0,3,null,00:39:18.1,,,,,,,,,,null,,,,null,13,14,null,,,,BT6768SWRLOG__SMRL
13,13,,null,0,OHASHI Shozo,OHASHI S.,OHASHI,Shozo,JPN,1 Japanese,13,3,13,2+0,2,null,00:39:07.5,,,,,,,,,,null,,,,null,13,14,null,,,,BT6768SWRLOG__SMRL
13,13,,null,0,OKUYAMA Yoshio,OKUYAMA Y.,OKUYAMA,Yoshio,JPN,13,4,13,2+0,2,null,00:38:13.1,,,,,,,,,,null,,,,null,13,13,null,,,,BT6768SWRLOG__SMRL
14,14,,null,1,CANADA,CANADA,,null,CAN,14,,14,,null,null,02:39:51.4,,,,,,,,,,+26:49.0,,,,+26:49.0,,,,,null,,,,BT6768SWRLOG__SMRL
14,14,,null,0,VINE George,VINE G.,VINE,George,CAN,14,1,14,null,null,null,00:41:40.4,,,,,,,,,,null,,,,null,14,14,null,,,,BT6768SWRLOG__SMRL
14,14,,null,0,LUCIER Norman,LUCIER N.,LUCIER,Norman,CAN,14,2,14,null,null,null,00:40:06.1,,,,,,,,,,null,,,,null,14,14,null,,,,BT6768SWRLOG__SMRL
14,14,,null,0,LUCIER Jim,LUCIER J.,LUCIER,Jim,CAN,14,3,14,null,null,null,00:39:14.2,,,,,,,,,,null,,,,null,14,14,null,,,,BT6768SWRLOG__SMRL
14,14,,null,0,RUTLEDGE Ewan,RUTLEDGE E.,RUTLEDGE,Ewan,CAN,14,4,14,null,null,null,00:38:50.7,,,,,,,,,,null,,,,null,14,14,null,,,,BT6768SWRLOG__SMRL
1,1,,null,0,SOLBERG Magnar,SOLBERG M.,SOLBERG,Magnar,NOR,34,,1,0+1+1+0,2,null,01:15:55.5,,,,,,,,,,0.0,,,,01:15:55.5,,,,,null,,,,BT7172SWRLOG__SMIN
2,2,,null,0,HANSEN Hans-jorg,HANSEN H.,HANSEN,Hans-jorg,GDR,25,,2,1+0+1+0,2,null,01:16:08.1,,,,,,,,,,+12.6,,,,+12.6,,,,,null,,,,BT7172SWRLOG__SMIN
3,3,,null,0,ARWIDSON Lars-Goran,ARWIDSON L.G.,ARWIDSON,Lars-Goran,SWE,42,,3,0+0+2+0,2,null,01:16:27.0,,,,,,,,,,+31.5,,,,+31.5,,,,,null,,,,BT7172SWRLOG__SMIN
4,4,,null,0,TIKHONOV Alexander,TIKHONOV A.,TIKHONOV,Alexander,URS,51,,4,3+1+0+0,4,null,01:16:48.6,,,,,,,,,,+53.1,,,,+53.1,,,,,null,,,,BT7172SWRLOG__SMIN
5,5,,null,0,SPEER Dieter,SPEER D.,SPEER,Dieter,GDR,48,,5,0+0+0+0,0,null,01:16:54.1,,,,,,,,,,+58.6,,,,+58.6,,,,,null,,,,BT7172SWRLOG__SMIN
6,6,,null,0,SAFRA Sandor,SAFRA S.,SAFRA,Sandor,URS,26,,6,1+1+0+1,3,null,01:17:15.1,,,,,,,,,,+01:19.6,,,,+01:19.6,,,,,null,,,,BT7172SWRLOG__SMIN
7,7,,null,0,KOSCHKA Horst,KOSCHKA H.,KOSCHKA,Horst,GDR,41,,7,0+0+0+0,0,null,01:17:39.4,,,,,,,,,,+01:43.9,,,,+01:43.9,,,,,null,,,,BT7172SWRLOG__SMIN
8,8,,null,0,ROUVY Guy,ROUVY G.,ROUVY,Guy,FRA,2,,8,0+1+0+0,1,null,01:18:14.3,,,,,,,,,,+02:18.8,,,,+02:18.8,,,,,null,,,,BT7172SWRLOG__SMIN
9,9,,null,0,SAREK Vilmoš,SAREK V.,SAREK,Vilmoš,TCH,52,,9,0+0+0+1,1,null,01:18:24.7,,,,,,,,,,+02:29.2,,,,+02:29.2,,,,,null,,,,BT7172SWRLOG__SMIN
10,10,,null,0,SUUTARINEN Arve,SUUTARINEN A.,SUUTARINEN,Arve,FIN,38,,10,null,1,null,01:18:41.3,,,,,,,,,,+02:45.8,,,,+02:45.8,,,,,null,,,,BT7172SWRLOG__SMIN
11,11,,null,0,MAMATOV Viktor,MAMATOV V.,MAMATOV,Viktor,URS,15,,11,null,2,null,01:19:16.2,,,,,,,,,,+03:20.7,,,,+03:20.7,,,,,null,,,,BT7172SWRLOG__SMIN
12,12,,null,0,BARTUSKA Vilmoš,BARTUSKA V.,BARTUSKA,Vilmoš,TCH,33,,12,null,0,null,01:19:35.5,,,,,,,,,,+03:40.0,,,,+03:40.0,,,,,null,,,,BT7172SWRLOG__SMIN
13,13,,null,0,BIANCHI Daniel,BIANCHI D.,BIANCHI,Daniel,FRA,30,,13,null,2,null,01:20:16.6,,,,,,,,,,+04:21.1,,,,+04:21.1,,,,,null,,,,BT7172SWRLOG__SMIN
14,14,,null,0,FLOCIC Juhani,FLOCIC J.,FLOCIC,Juhani,FIN,40,,14,null,4,null,01:20:30.9,,,,,,,,,,+04:35.4,,,,+04:35.4,,,,,null,,,,BT7172SWRLOG__SMIN
15,15,,null,0,SPEER Dieter,SPEER D.,SPEER,Dieter,URS,54,,15,null,3,null,01:20:44.5,,,,,,,,,,+04:49.0,,,,+04:49.0,,,,,null,,,,BT7172SWRLOG__SMIN
16,16,,null,0,KOSCHKA Horst,KOSCHKA H.,KOSCHKA,Horst,NOR,16,,16,null,2,null,01:20:44.7,,,,,,,,,,+04:49.2,,,,+04:49.2,,,,,null,,,,BT7172SWRLOG__SMIN
17,17,,null,0,SCHNABEL Hans-Gert,SCHNABEL H.G.,SCHNABEL,Hans-Gert,JPN,5,,17,null,2,null,01:20:56.3,,,,,,,,,,+05:00.8,,,,+05:00.8,,,,,null,,,,BT7172SWRLOG__SMIN
18,18,,null,0,BORKOWSKI Jozef,BORKOWSKI J.,BORKOWSKI,Jozef,NOR,53,,18,null,7,null,01:20:57.1,,,,,,,,,,+05:01.6,,,,+05:01.6,,,,,null,,,,BT7172SWRLOG__SMIN
19,19,,null,0,RUZYCKI Hubert,RUZYCKI H.,RUZYCKI,Hubert,FIN,19,,19,null,3,null,01:21:03.2,,,,,,,,,,+05:07.7,,,,+05:07.7,,,,,null,,,,BT7172SWRLOG__SMIN
20,20,,null,0,STOPKA Stanislaw,STOPKA S.,STOPKA,Stanislaw,GDR,3,,20,null,3,null,01:21:03.4,,,,,,,,,,+05:07.9,,,,+05:07.9,,,,,null,,,,BT7172SWRLOG__SMIN
21,21,,null,0,KOSSAKOWSKI Jan,KOSSAKOWSKI J.,KOSSAKOWSKI,Jan,USA,36,,21,null,2,null,01:21:32.4,,,,,,,,,,+05:36.9,,,,+05:36.9,,,,,null,,,,BT7172SWRLOG__SMIN
22,22,,null,0,WAERHAUG Ola,WAERHAUG O.,WAERHAUG,Ola,TCH,14,,22,null,3,null,01:21:35.6,,,,,,,,,,+05:40.1,,,,+05:40.1,,,,,null,,,,BT7172SWRLOG__SMIN
23,23,,null,0,SORMU Heikki,SORMU H.,SORMU,Heikki,JPN,31,,23,null,5,null,01:21:43.0,,,,,,,,,,+05:47.5,,,,+05:47.5,,,,,null,,,,BT7172SWRLOG__SMIN
24,24,,null,0,KALLIOLA Kalevi,KALLIOLA K.,KALLIOLA,Kalevi,SWE,10,,24,null,3,null,01:22:20.4,,,,,,,,,,+06:24.9,,,,+06:24.9,,,,,null,,,,BT7172SWRLOG__SMIN
25,25,,null,0,SUUTARINEN Arve,SUUTARINEN A.,SUUTARINEN,Arve,JPN,47,,25,null,4,null,01:23:07.6,,,,,,,,,,+07:12.1,,,,+07:12.1,,,,,null,,,,BT7172SWRLOG__SMIN
26,26,,null,0,MUNCH Heinz,MUNCH H.,MUNCH,Heinz,FRA,50,,26,null,4,null,01:23:13.3,,,,,,,,,,+07:17.8,,,,+07:17.8,,,,,null,,,,BT7172SWRLOG__SMIN
27,27,,null,0,SPEER Dieter,SPEER D.,SPEER,Dieter,TCH,44,,27,null,5,null,01:23:23.0,,,,,,,,,,+07:27.5,,,,+07:27.5,,,,,null,,,,BT7172SWRLOG__SMIN
28,28,,null,0,KOSCHKA Horst,KOSCHKA H.,KOSCHKA,Horst,ITA,1,,28,null,6,null,01:23:25.1,,,,,,,,,,+07:29.6,,,,+07:29.6,,,,,null,,,,BT7172SWRLOG__SMIN
29,29,,null,0,SCHNABEL Hans-Gert,SCHNABEL H.G.,SCHNABEL,Hans-Gert,USA,13,,29,null,7,null,01:23:36.2,,,,,,,,,,+07:40.7,,,,+07:40.7,,,,,null,,,,BT7172SWRLOG__SMIN
30,30,,null,0,BORKOWSKI Jozef,BORKOWSKI J.,BORKOWSKI,Jozef,USA,45,,30,null,6,null,01:24:25.7,,,,,,,,,,+08:30.2,,,,+08:30.2,,,,,null,,,,BT7172SWRLOG__SMIN
31,31,,null,0,ARWIDSON Lars-Goran,ARWIDSON L.G.,ARWIDSON,Lars-Goran,SWE,27,,31,null,6,null,01:24:29.9,,,,,,,,,,+08:34.4,,,,+08:34.4,,,,,null,,,,BT7172SWRLOG__SMIN
32,32,,null,0,GHEORGHE Constantin,GHEORGHE C.,GHEORGHE,Constantin,ROU,4,,32,null,9,null,01:25:02.1,,,,,,,,,,+09:06.6,,,,+09:06.6,,,,,null,,,,BT7172SWRLOG__SMIN
33,33,,null,0,CIMPOIA Nicolae,CIMPOIA N.,CIMPOIA,Nicolae,ROU,24,,33,null,8,null,01:25:05.5,,,,,,,,,,+09:10.0,,,,+09:10.0,,,,,null,,,,BT7172SWRLOG__SMIN
34,34,,null,0,CARABELA Vilmoš,CARABELA V.,CARABELA,Vilmoš,ROU,46,,34,null,8,null,01:25:52.4,,,,,,,,,,+09:56.9,,,,+09:56.9,,,,,null,,,,BT7172SWRLOG__SMIN
35,35,,null,0,FONTANA Nicolae,FONTANA N.,FONTANA,Nicolae,ROU,12,,35,null,9,null,01:27:06.8,,,,,,,,,,+11:11.3,,,,+11:11.3,,,,,null,,,,BT7172SWRLOG__SMIN
36,36,,null,0,KOSSAKOWSKI Isidor,KOSSAKOWSKI I.,KOSSAKOWSKI,Isidor,SWE,39,,36,null,5,null,01:27:14.3,,,,,,,,,,+11:18.8,,,,+11:18.8,,,,,null,,,,BT7172SWRLOG__SMIN
37,37,,null,0,PLOVHARY Arvo,PLOVHARY A.,PLOVHARY,Arvo,FIN,7,,37,null,10,null,01:27:25.7,,,,,,,,,,+11:30.2,,,,+11:30.2,,,,,null,,,,BT7172SWRLOG__SMIN
38,38,,null,0,OSVALD Robert,OSVALD R.,OSVALD,Robert,AUT,20,,38,null,11,null,01:27:37.3,,,,,,,,,,+11:41.8,,,,+11:41.8,,,,,null,,,,BT7172SWRLOG__SMIN
39,39,,null,0,PLANK Adolf,PLANK A.,PLANK,Adolf,AUT,32,,39,null,11,null,01:28:13.1,,,,,,,,,,+12:17.6,,,,+12:17.6,,,,,null,,,,BT7172SWRLOG__SMIN
40,40,,null,0,ALBANESI Ermanno,ALBANESI E.,ALBANESI,Ermanno,ITA,38,,40,null,11,null,01:28:16.1,,,,,,,,,,+12:20.6,,,,+12:20.6,,,,,null,,,,BT7172SWRLOG__SMIN
41,41,,null,0,FERRARI Costantino,FERRARI C.,FERRARI,Costantino,ITA,11,,41,null,12,null,01:28:34.2,,,,,,,,,,+12:38.7,,,,+12:38.7,,,,,null,,,,BT7172SWRLOG__SMIN
42,42,,null,0,TENTORI Alberto,TENTORI A.,TENTORI,Alberto,ITA,23,,42,null,11,null,01:29:14.3,,,,,,,,,,+13:18.8,,,,+13:18.8,,,,,null,,,,BT7172SWRLOG__SMIN
43,43,,null,0,MAIN Alan,MAIN A.,MAIN,Alan,GBR,35,,43,null,10,null,01:29:21.0,,,,,,,,,,+13:25.5,,,,+13:25.5,,,,,null,,,,BT7172SWRLOG__SMIN
44,44,,null,0,HARRISON Peter,HARRISON P.,HARRISON,Peter,GBR,49,,44,null,12,null,01:29:28.8,,,,,,,,,,+13:33.3,,,,+13:33.3,,,,,null,,,,BT7172SWRLOG__SMIN
45,45,,null,0,NOTLEY Marcus,NOTLEY M.,NOTLEY,Marcus,GBR,6,,45,null,10,null,01:30:13.4,,,,,,,,,,+14:17.9,,,,+14:17.9,,,,,null,,,,BT7172SWRLOG__SMIN
46,46,,null,0,STEVENS Guy,STEVENS G.,STEVENS,Guy,GBR,21,,46,null,11,null,01:30:52.5,,,,,,,,,,+14:57.0,,,,+14:57.0,,,,,null,,,,BT7172SWRLOG__SMIN
47,47,,null,0,ONO Isao,ONO I.,ONO,Isao,JPN,17,,47,null,12,null,01:31:07.5,,,,,,,,,,+15:12.0,,,,+15:12.0,,,,,null,,,,BT7172SWRLOG__SMIN
48,48,,null,0,SHIBATA Miki,SHIBATA M.,SHIBATA,Miki,JPN,31,,48,null,14,null,01:31:36.5,,,,,,,,,,+15:41.0,,,,+15:41.0,,,,,null,,,,BT7172SWRLOG__SMIN
49,49,,null,0,OHASHI Shozo,OHASHI S.,OHASHI,Shozo,JPN,43,,49,null,12,null,01:32:07.3,,,,,,,,,,+16:11.8,,,,+16:11.8,,,,,null,,,,BT7172SWRLOG__SMIN
50,50,,null,0,OKUYAMA Yoshio,OKUYAMA Y.,OKUYAMA,Yoshio,JPN,54,,50,null,13,null,01:33:04.7,,,,,,,,,,+17:09.2,,,,+17:09.2,,,,,null,,,,BT7172SWRLOG__SMIN
51,51,,null,0,VINE George,VINE G.,VINE,George,CAN,8,,51,null,14,null,01:33:14.3,,,,,,,,,,+17:18.8,,,,+17:18.8,,,,,null,,,,BT7172SWRLOG__SMIN
52,52,,null,0,LUCIER Norman,LUCIER N.,LUCIER,Norman,CAN,18,,52,null,15,null,01:34:06.1,,,,,,,,,,+18:10.6,,,,+18:10.6,,,,,null,,,,BT7172SWRLOG__SMIN
53,53,,null,0,LUCIER Jim,LUCIER J.,LUCIER,Jim,CAN,40,,53,null,15,null,01:36:24.0,,,,,,,,,,+20:28.5,,,,+20:28.5,,,,,null,,,,BT7172SWRLOG__SMIN
54,54,DNF,null,0,RUTLEDGE Ewan,RUTLEDGE E.,RUTLEDGE,Ewan,CAN,50,,54,null,null,null,null,,,,,,,,,,null,,,,null,,,,,null,,,,BT7172SWRLOG__SMIN
1,1,,null,1,USSR,USSR,,null,URS,1,,1,,3,null,01:51:44.9,,,,,,,,,,0.0,,,,01:51:44.9,,,,,null,,,,BT7172SWRLOG__SMRL
1,1,,null,0,TIKHONOV Alexander,TIKHONOV A.,TIKHONOV,Alexander,URS,1,1,1,1+0,1,null,00:28:54.5,,,,,,,,,,null,,,,null,9,9,null,,,,BT7172SWRLOG__SMRL
1,1,,null,0,SAFONOV Rinnat,SAFONOV R.,SAFONOV,Rinnat,URS,1,2,1,0+0,0,null,00:26:48.5,,,,,,,,,,null,,,,null,1,1,null,,,,BT7172SWRLOG__SMRL
1,1,,null,0,MAMATOV Viktor,MAMATOV V.,MAMATOV,Viktor,URS,1,3,1,0+1,1,null,00:27:34.2,,,,,,,,,,null,,,,null,2,1,null,,,,BT7172SWRLOG__SMRL
1,1,,null,0,BYAKOV Ivan,BYAKOV I.,BYAKOV,Ivan,URS,1,4,1,1+0,1,null,00:28:27.7,,,,,,,,,,null,,,,null,3,1,null,,,,BT7172SWRLOG__SMRL
2,2,,null,1,FINLAND,FINLAND,,null,FIN,2,,2,,3,null,01:54:37.3,,,,,,,,,,+02:52.4,,,,+02:52.4,,,,,null,,,,BT7172SWRLOG__SMRL
2,2,,null,0,IKOLA Heikki,IKOLA H.,IKOLA,Heikki,FIN,2,1,2,0+0,0,null,00:28:52.1,,,,,,,,,,null,,,,null,8,8,null,,,,BT7172SWRLOG__SMRL
2,2,,null,0,PELTOLA Juhani,PELTOLA J.,PELTOLA,Juhani,FIN,2,2,2,0+1,1,null,00:28:29.9,,,,,,,,,,null,,,,null,4,2,null,,,,BT7172SWRLOG__SMRL
2,2,,null,0,TYRVAINEN Mauri,TYRVAINEN M.,TYRVAINEN,Mauri,FIN,2,3,2,0+0,0,null,00:28:30.6,,,,,,,,,,null,,,,null,4,2,null,,,,BT7172SWRLOG__SMRL
2,2,,null,0,SUUTARINEN Esko,SUUTARINEN E.,SUUTARINEN,Esko,FIN,2,4,2,0+2,2,null,00:28:44.7,,,,,,,,,,null,,,,null,5,2,null,,,,BT7172SWRLOG__SMRL
3,3,,null,1,GDR,GDR,,null,GDR,3,,3,,4,null,01:54:57.7,,,,,,,,,,+03:12.8,,,,+03:12.8,,,,,null,,,,BT7172SWRLOG__SMRL
3,3,,null,0,HANSEN Hans-jorg,HANSEN H.,HANSEN,Hans-jorg,GDR,3,1,3,0+0,0,null,00:28:46.9,,,,,,,,,,null,,,,null,6,6,null,,,,BT7172SWRLOG__SMRL
3,3,,null,0,MEISCHNER Rainer,MEISCHNER R.,MEISCHNER,Rainer,GDR,3,2,3,0+0,0,null,00:28:57.3,,,,,,,,,,null,,,,null,5,3,null,,,,BT7172SWRLOG__SMRL
3,3,,null,0,KOSCHKA Horst,KOSCHKA H.,KOSCHKA,Horst,GDR,3,3,3,0+2,2,null,00:28:44.6,,,,,,,,,,null,,,,null,6,3,null,,,,BT7172SWRLOG__SMRL
3,3,,null,0,SPEER Dieter,SPEER D.,SPEER,Dieter,GDR,3,4,3,2+0,2,null,00:28:28.9,,,,,,,,,,null,,,,null,4,3,null,,,,BT7172SWRLOG__SMRL
4,4,,null,1,NORWAY,NORWAY,,null,NOR,4,,4,,7,null,01:56:24.4,,,,,,,,,,+04:39.5,,,,+04:40.0,,,,,null,,,,BT7172SWRLOG__SMRL
4,4,,null,0,KROGSATER Tor,KROGSATER T.,KROGSATER,Tor,NOR,4,1,4,0+1,1,null,00:28:50.4,,,,,,,,,,null,,,,null,7,7,null,,,,BT7172SWRLOG__SMRL
4,4,,null,0,HOVDA Kare,HOVDA K.,HOVDA,Kare,NOR,4,2,4,2+0,2,null,00:28:52.4,,,,,,,,,,null,,,,null,2,4,null,,,,BT7172SWRLOG__SMRL
4,4,,null,0,TVEITEN Terje,TVEITEN T.,TVEITEN,Terje,NOR,4,3,4,0+3,3,null,00:29:42.5,,,,,,,,,,null,,,,null,11,4,null,,,,BT7172SWRLOG__SMRL
4,4,,null,0,SOLBERG Magnar,SOLBERG M.,SOLBERG,Magnar,NOR,4,4,4,0+1,1,null,00:28:59.1,,,,,,,,,,null,,,,null,6,4,null,,,,BT7172SWRLOG__SMRL
5,5,,null,1,SWEDEN,SWEDEN,,null,SWE,5,,5,,6,null,01:56:57.4,,,,,,,,,,+05:12.5,,,,+05:12.5,,,,,null,,,,BT7172SWRLOG__SMRL
5,5,,null,0,ARWIDSON Lars-Goran,ARWIDSON L.G.,ARWIDSON,Lars-Goran,SWE,5,1,5,1+0,1,null,00:28:23.1,,,,,,,,,,null,,,,null,1,1,null,,,,BT7172SWRLOG__SMRL
5,5,,null,0,OLSSON Olle,OLSSON O.,OLSSON,Olle,SWE,5,2,5,3+0,3,null,00:31:04.3,,,,,,,,,,null,,,,null,11,8,null,,,,BT7172SWRLOG__SMRL
5,5,,null,0,ERIKSSON Torsten,ERIKSSON T.,ERIKSSON,Torsten,SWE,5,3,5,0+2,2,null,00:29:32.7,,,,,,,,,,null,,,,null,9,6,null,,,,BT7172SWRLOG__SMRL
5,5,,null,0,PETTERSSON Holmfrid,PETTERSSON H.,PETTERSSON,Holmfrid,SWE,5,4,5,0+0,0,null,00:27:57.3,,,,,,,,,,null,,,,null,2,5,null,,,,BT7172SWRLOG__SMRL
6,6,,null,1,FRG,FRG,,null,FRG,6,,6,,2,null,01:57:51.8,,,,,,,,,,+06:06.9,,,,+06:06.9,,,,,null,,,,BT7172SWRLOG__SMRL
6,6,,null,0,REINHARDT Dieter,REINHARDT D.,REINHARDT,Dieter,FRG,6,1,6,0+0,0,null,00:28:43.7,,,,,,,,,,null,,,,null,4,4,null,,,,BT7172SWRLOG__SMRL
6,6,,null,0,FLOCIC Herbert,FLOCIC H.,FLOCIC,Herbert,FRG,6,2,6,1+0,1,null,00:29:41.6,,,,,,,,,,null,,,,null,9,6,null,,,,BT7172SWRLOG__SMRL
6,6,,null,0,STIEGLER Theo,STIEGLER T.,STIEGLER,Theo,FRG,6,3,6,0+1,1,null,00:29:51.6,,,,,,,,,,null,,,,null,12,7,null,,,,BT7172SWRLOG__SMRL
6,6,,null,0,KOSSAKOWSKI Gerhard,KOSSAKOWSKI G.,KOSSAKOWSKI,Gerhard,FRG,6,4,6,0+0,0,null,00:29:34.9,,,,,,,,,,null,,,,null,7,6,null,,,,BT7172SWRLOG__SMRL
7,7,,null,1,POLAND,POLAND,,null,POL,7,,7,,1,null,01:58:09.9,,,,,,,,,,+06:25.0,,,,+06:25.0,,,,,null,,,,BT7172SWRLOG__SMRL
7,7,,null,0,BORKOWSKI Jozef,BORKOWSKI J.,BORKOWSKI,Jozef,POL,7,1,7,0+0,0,null,00:29:36.1,,,,,,,,,,null,,,,null,11,11,null,,,,BT7172SWRLOG__SMRL
7,7,,null,0,RUZYCKI Hubert,RUZYCKI H.,RUZYCKI,Hubert,POL,7,2,7,0+0,0,null,00:29:26.7,,,,,,,,,,null,,,,null,8,7,null,,,,BT7172SWRLOG__SMRL
7,7,,null,0,STOPKA Andrzej,STOPKA A.,STOPKA,Andrzej,POL,7,3,7,0+0,0,null,00:29:21.0,,,,,,,,,,null,,,,null,8,5,null,,,,BT7172SWRLOG__SMRL
7,7,,null,0,RAPACZ Aleksander,RAPACZ A.,RAPACZ,Aleksander,POL,7,4,7,0+1,1,null,00:29:46.1,,,,,,,,,,null,,,,null,9,7,null,,,,BT7172SWRLOG__SMRL
8,8,,null,1,JAPAN,JAPAN,,null,JPN,8,,8,,5,null,01:59:09.4,,,,,,,,,,+07:24.5,,,,+07:24.5,,,,,null,,,,BT7172SWRLOG__SMRL
8,8,,null,0,ONO Isao,ONO I.,ONO,Isao,JPN,8,1,8,0+0,0,null,00:27:35.7,,,,,,,,,,null,,,,null,2,2,null,,,,BT7172SWRLOG__SMRL
8,8,,null,0,SHIBATA Shozo,SHIBATA S.,SHIBATA,Shozo,JPN,8,2,8,2+0,2,null,00:29:05.6,,,,,,,,,,null,,,,null,7,5,null,,,,BT7172SWRLOG__SMRL
8,8,,null,0,SASAKI Miki,SASAKI M.,SASAKI,Miki,JPN,8,3,8,0+0,0,null,00:30:09.4,,,,,,,,,,null,,,,null,13,9,null,,,,BT7172SWRLOG__SMRL
8,8,,null,0,OKUYAMA Kazuo,OKUYAMA K.,OKUYAMA,Kazuo,JPN,8,4,8,0+3,3,null,00:32:18.7,,,,,,,,,,null,,,,null,13,8,null,,,,BT7172SWRLOG__SMRL
9,9,,null,1,FRANCE,FRANCE,,null,FRA,9,,9,,4,null,02:03:08.9,,,,,,,,,,+11:24.0,,,,+11:24.0,,,,,null,,,,BT7172SWRLOG__SMRL
9,9,,null,0,ROUVY Guy,ROUVY G.,ROUVY,Guy,FRA,9,1,9,0+0,0,null,00:29:19.1,,,,,,,,,,null,,,,null,10,10,null,,,,BT7172SWRLOG__SMRL
9,9,,null,0,BIANCHI Daniel,BIANCHI D.,BIANCHI,Daniel,FRA,9,2,9,2+0,2,null,00:31:08.5,,,,,,,,,,null,,,,null,12,11,null,,,,BT7172SWRLOG__SMRL
9,9,,null,0,FONTAINE Rene,FONTAINE R.,FONTAINE,Rene,FRA,9,3,9,0+0,0,null,00:30:49.6,,,,,,,,,,null,,,,null,14,11,null,,,,BT7172SWRLOG__SMRL
9,9,,null,0,ALBANESI Aimé,ALBANESI A.,ALBANESI,Aimé,FRA,9,4,9,0+2,2,null,00:31:51.7,,,,,,,,,,null,,,,null,12,9,null,,,,BT7172SWRLOG__SMRL
10,10,,null,1,ROMANIA,ROMANIA,,null,ROU,10,,10,,5,null,02:03:09.3,,,,,,,,,,+11:24.4,,,,+11:24.4,,,,,null,,,,BT7172SWRLOG__SMRL
10,10,,null,0,CIMPOIA Nicolae,CIMPOIA N.,CIMPOIA,Nicolae,ROU,10,1,10,0+0,0,null,00:28:47.9,,,,,,,,,,null,,,,null,5,5,null,,,,BT7172SWRLOG__SMRL
10,10,,null,0,GHEORGHE Constantin,GHEORGHE C.,GHEORGHE,Constantin,ROU,10,2,10,1+1,2,null,00:30:52.3,,,,,,,,,,null,,,,null,10,10,null,,,,BT7172SWRLOG__SMRL
10,10,,null,0,VELESCU Victor,VELESCU V.,VELESCU,Victor,ROU,10,3,10,0+2,2,null,00:31:23.6,,,,,,,,,,null,,,,null,15,10,null,,,,BT7172SWRLOG__SMRL
10,10,,null,0,FONTANA Nicolae,FONTANA N.,FONTANA,Nicolae,ROU,10,4,10,0+1,1,null,00:32:05.5,,,,,,,,,,null,,,,null,13,10,null,,,,BT7172SWRLOG__SMRL
11,11,,null,1,GREAT BRITAIN,GREAT BRITAIN,,null,GBR,11,,11,,7,null,02:04:38.8,,,,,,,,,,+12:53.9,,,,+12:53.9,,,,,null,,,,BT7172SWRLOG__SMRL
11,11,,null,0,NOTLEY Marcus,NOTLEY M.,NOTLEY,Marcus,GBR,11,1,11,0+0,0,null,00:30:06.4,,,,,,,,,,null,,,,null,12,12,null,,,,BT7172SWRLOG__SMRL
11,11,,null,0,HARRISON Peter,HARRISON P.,HARRISON,Peter,GBR,11,2,11,1+1,2,null,00:31:40.5,,,,,,,,,,null,,,,null,13,12,null,,,,BT7172SWRLOG__SMRL
11,11,,null,0,OLIVER Jeffrey,OLIVER J.,OLIVER,Jeffrey,GBR,11,3,11,0+2,2,null,00:31:37.7,,,,,,,,,,null,,,,null,16,13,null,,,,BT7172SWRLOG__SMRL
11,11,,null,0,MAIN Alan,MAIN A.,MAIN,Alan,GBR,11,4,11,0+3,3,null,00:31:14.2,,,,,,,,,,null,,,,null,11,11,null,,,,BT7172SWRLOG__SMRL
12,12,,null,1,ITALY,ITALY,,null,ITA,12,,12,,6,null,02:07:05.6,,,,,,,,,,+15:20.7,,,,+15:20.7,,,,,null,,,,BT7172SWRLOG__SMRL
12,12,,null,0,MORODER Willy,MORODER W.,MORODER,Willy,ITA,12,1,12,2+0,2,null,00:30:32.7,,,,,,,,,,null,,,,null,13,13,null,,,,BT7172SWRLOG__SMRL
12,12,,null,0,PONTICELLI Giovanni,PONTICELLI G.,PONTICELLI,Giovanni,ITA,12,2,12,4+0,4,null,00:33:11.8,,,,,,,,,,null,,,,null,14,14,null,,,,BT7172SWRLOG__SMRL
12,12,,null,0,FERRARI Lino,FERRARI L.,FERRARI,Lino,ITA,12,3,12,0+0,0,null,00:29:58.2,,,,,,,,,,null,,,,null,12,12,null,,,,BT7172SWRLOG__SMRL
12,12,,null,0,MORODER Pierantonio,MORODER P.,MORODER,Pierantonio,ITA,12,4,12,0+0,0,null,00:33:22.9,,,,,,,,,,null,,,,null,15,12,null,,,,BT7172SWRLOG__SMRL
13,13,,null,1,USA,USA,,null,USA,13,,13,,null,null,02:07:24.3,,,,,,,,,,+15:39.4,,,,+15:39.4,,,,,null,,,,BT7172SWRLOG__SMRL
13,13,,null,0,DONAHUE Peter,DONAHUE P.,DONAHUE,Peter,USA,13,1,13,null,null,null,00:31:20.4,,,,,,,,,,null,,,,null,14,14,null,,,,BT7172SWRLOG__SMRL
13,13,,null,0,CARNEY Edward,CARNEY E.,CARNEY,Edward,USA,13,2,13,null,null,null,00:32:14.6,,,,,,,,,,null,,,,null,15,13,null,,,,BT7172SWRLOG__SMRL
13,13,,null,0,BOWSER Dennis,BOWSER D.,BOWSER,Dennis,USA,13,3,13,null,null,null,00:30:42.5,,,,,,,,,,null,,,,null,13,14,null,,,,BT7172SWRLOG__SMRL
13,13,,null,0,JORDAN Charlie,JORDAN C.,JORDAN,Charlie,USA,13,4,13,null,null,null,00:33:06.8,,,,,,,,,,null,,,,null,14,13,null,,,,BT7172SWRLOG__SMRL
1,1,,null,0,KRUGLOV Nikolay,KRUGLOV N.,KRUGLOV,Nikolay,URS,25,,1,1+1+0+0,2,null,01:14:12.3,,,,,,,,,,0.0,,,,01:14:12.3,,,,,null,,,,BT7576SWRLOG__SMIN
2,2,,null,0,ELORANTA Heikki,ELORANTA H.,ELORANTA,Heikki,FIN,34,,2,0+1+0+1,2,null,01:15:55.6,,,,,,,,,,+01:43.3,,,,+01:43.3,,,,,null,,,,BT7576SWRLOG__SMIN
3,3,,null,0,YELIZAROV Alexander,YELIZAROV A.,YELIZAROV,Alexander,URS,22,,3,1+1+0+1,3,null,01:16:05.6,,,,,,,,,,+01:53.3,,,,+01:53.3,,,,,null,,,,BT7576SWRLOG__SMIN
4,4,,null,0,BERTIN Willy,BERTIN W.,BERTIN,Willy,ITA,42,,4,0+3+0+0,3,null,01:16:22.1,,,,,,,,,,+02:09.8,,,,+02:09.8,,,,,null,,,,BT7576SWRLOG__SMIN
5,5,,null,0,TIKHONOV Alexander,TIKHONOV A.,TIKHONOV,Alexander,URS,51,,5,0+1+0+6,7,null,01:17:11.6,,,,,,,,,,+02:59.3,,,,+02:59.3,,,,,null,,,,BT7576SWRLOG__SMIN
6,6,,null,0,SUUTARINEN Esko,SUUTARINEN E.,SUUTARINEN,Esko,FIN,48,,6,1+1+0+0,2,null,01:17:35.6,,,,,,,,,,+03:23.3,,,,+03:23.3,,,,,null,,,,BT7576SWRLOG__SMIN
7,7,,null,0,ESKOLA Lassi,ESKOLA L.,ESKOLA,Lassi,FIN,26,,7,0+1+1+0,2,null,01:18:21.0,,,,,,,,,,+04:08.7,,,,+04:08.7,,,,,null,,,,BT7576SWRLOG__SMIN
8,8,,null,0,MANNERMÄKI Sulo,MANNERMÄKI S.,MANNERMÄKI,Sulo,SWE,41,,8,0+0+0+1,1,null,01:18:35.4,,,,,,,,,,+04:23.1,,,,+04:23.1,,,,,null,,,,BT7576SWRLOG__SMIN
9,9,,null,0,KOSCHKA Horst,KOSCHKA H.,KOSCHKA,Horst,NOR,2,,9,0+0+0+1,1,null,01:18:41.6,,,,,,,,,,+04:29.3,,,,+04:29.3,,,,,null,,,,BT7576SWRLOG__SMIN
10,10,,null,0,BARTUSKA Vilmoš,BARTUSKA V.,BARTUSKA,Vilmoš,NOR,52,,10,2+1+0+1,4,null,01:18:44.2,,,,,,,,,,+04:31.9,,,,+04:31.9,,,,,null,,,,BT7576SWRLOG__SMIN
11,11,,null,0,MANFREDINI Giovanni,MANFREDINI G.,MANFREDINI,Giovanni,ITA,30,,11,1+1+1+0,3,null,01:18:52.3,,,,,,,,,,+04:40.0,,,,+04:40.0,,,,,null,,,,BT7576SWRLOG__SMIN
12,12,,null,0,ARWIDSON Lars-Goran,ARWIDSON L.G.,ARWIDSON,Lars-Goran,SWE,15,,12,null,5,null,01:18:53.6,,,,,,,,,,+04:41.3,,,,+04:41.3,,,,,null,,,,BT7576SWRLOG__SMIN
13,13,,null,0,RUZYCKI Hubert,RUZYCKI H.,RUZYCKI,Hubert,GDR,40,,13,null,3,null,01:18:56.9,,,,,,,,,,+04:44.6,,,,+04:44.6,,,,,null,,,,BT7576SWRLOG__SMIN
14,14,,null,0,SPEER Dieter,SPEER D.,SPEER,Dieter,GDR,33,,14,null,5,null,01:19:11.9,,,,,,,,,,+04:59.6,,,,+04:59.6,,,,,null,,,,BT7576SWRLOG__SMIN
15,15,,null,0,WAERHAUG Ola,WAERHAUG O.,WAERHAUG,Ola,GDR,5,,15,null,4,null,01:19:32.2,,,,,,,,,,+05:19.9,,,,+05:19.9,,,,,null,,,,BT7576SWRLOG__SMIN
16,16,,null,0,JORDAN Charlie,JORDAN C.,JORDAN,Charlie,USA,54,,16,null,5,null,01:19:45.1,,,,,,,,,,+05:32.8,,,,+05:32.8,,,,,null,,,,BT7576SWRLOG__SMIN
17,17,,null,0,RAPACZ Aleksander,RAPACZ A.,RAPACZ,Aleksander,POL,16,,17,null,6,null,01:19:54.6,,,,,,,,,,+05:42.3,,,,+05:42.3,,,,,null,,,,BT7576SWRLOG__SMIN
18,18,,null,0,SORMU Heikki,SORMU H.,SORMU,Heikki,NOR,19,,18,null,4,null,01:20:11.7,,,,,,,,,,+05:59.4,,,,+05:59.4,,,,,null,,,,BT7576SWRLOG__SMIN
19,19,,null,0,BORKOWSKI Jozef,BORKOWSKI J.,BORKOWSKI,Jozef,FRG,31,,19,null,5,null,01:20:24.3,,,,,,,,,,+06:12.0,,,,+06:12.0,,,,,null,,,,BT7576SWRLOG__SMIN
20,20,,null,0,BIANCHI Daniel,BIANCHI D.,BIANCHI,Daniel,FRA,38,,20,null,7,null,01:21:05.7,,,,,,,,,,+06:53.4,,,,+06:53.4,,,,,null,,,,BT7576SWRLOG__SMIN
21,21,,null,0,CARABELA Vilmoš,CARABELA V.,CARABELA,Vilmoš,ROU,47,,21,null,7,null,01:21:14.2,,,,,,,,,,+07:01.9,,,,+07:01.9,,,,,null,,,,BT7576SWRLOG__SMIN
22,22,,null,0,KOSSAKOWSKI Jan,KOSSAKOWSKI J.,KOSSAKOWSKI,Jan,POL,3,,22,null,8,null,01:21:23.7,,,,,,,,,,+07:11.4,,,,+07:11.4,,,,,null,,,,BT7576SWRLOG__SMIN
23,23,,null,0,HANSEN Hans-jorg,HANSEN H.,HANSEN,Hans-jorg,GDR,36,,23,null,5,null,01:21:31.9,,,,,,,,,,+07:19.6,,,,+07:19.6,,,,,null,,,,BT7576SWRLOG__SMIN
24,24,,null,0,MEINILÄ Martti,MEINILÄ M.,MEINILÄ,Martti,JPN,10,,24,null,6,null,01:22:15.1,,,,,,,,,,+08:02.8,,,,+08:02.8,,,,,null,,,,BT7576SWRLOG__SMIN
25,25,,null,0,PONTICELLI Giovanni,PONTICELLI G.,PONTICELLI,Giovanni,ITA,1,,25,null,7,null,01:22:24.0,,,,,,,,,,+08:11.7,,,,+08:11.7,,,,,null,,,,BT7576SWRLOG__SMIN
26,26,,null,0,NOTLEY Marcus,NOTLEY M.,NOTLEY,Marcus,GBR,39,,26,null,5,null,01:22:27.7,,,,,,,,,,+08:15.4,,,,+08:15.4,,,,,null,,,,BT7576SWRLOG__SMIN
27,27,,null,0,BEER Helmut,BEER H.,BEER,Helmut,FRG,53,,27,null,6,null,01:23:42.5,,,,,,,,,,+09:30.2,,,,+09:30.2,,,,,null,,,,BT7576SWRLOG__SMIN
28,28,,null,0,FLOCIC Juhani,FLOCIC J.,FLOCIC,Juhani,FIN,13,,28,null,9,null,01:23:55.3,,,,,,,,,,+09:43.0,,,,+09:43.0,,,,,null,,,,BT7576SWRLOG__SMIN
29,29,,null,0,REINHARDT Dieter,REINHARDT D.,REINHARDT,Dieter,FRG,44,,29,null,10,null,01:24:13.7,,,,,,,,,,+10:01.4,,,,+10:01.4,,,,,null,,,,BT7576SWRLOG__SMIN
30,30,,null,0,SNOW Richard,SNOW R.,SNOW,Richard,USA,14,,30,null,8,null,01:24:25.5,,,,,,,,,,+10:13.2,,,,+10:13.2,,,,,null,,,,BT7576SWRLOG__SMIN
31,31,,null,0,GHEORGHE Constantin,GHEORGHE C.,GHEORGHE,Constantin,ROU,4,,31,null,8,null,01:24:45.7,,,,,,,,,,+10:33.4,,,,+10:33.4,,,,,null,,,,BT7576SWRLOG__SMIN
32,32,,null,0,SASAKI Miki,SASAKI M.,SASAKI,Miki,JPN,20,,32,null,7,null,01:24:51.3,,,,,,,,,,+10:39.0,,,,+10:39.0,,,,,null,,,,BT7576SWRLOG__SMIN
33,33,,null,0,ALBANESI Ermanno,ALBANESI E.,ALBANESI,Ermanno,FRA,12,,33,null,9,null,01:25:27.4,,,,,,,,,,+11:15.1,,,,+11:15.1,,,,,null,,,,BT7576SWRLOG__SMIN
34,34,,null,0,OHASHI Shozo,OHASHI S.,OHASHI,Shozo,JPN,31,,34,null,7,null,01:25:35.3,,,,,,,,,,+11:23.0,,,,+11:23.0,,,,,null,,,,BT7576SWRLOG__SMIN
35,35,,null,0,VILLA Jean-Claude,VILLA J.C.,VILLA,Jean-Claude,FRA,46,,35,null,7,null,01:26:10.0,,,,,,,,,,+11:57.7,,,,+11:57.7,,,,,null,,,,BT7576SWRLOG__SMIN
36,36,,null,0,ROUVY Guy,ROUVY G.,ROUVY,Guy,FRA,24,,36,null,9,null,01:26:21.0,,,,,,,,,,+12:08.7,,,,+12:08.7,,,,,null,,,,BT7576SWRLOG__SMIN
37,37,,null,0,STOPKA Andrzej,STOPKA A.,STOPKA,Andrzej,POL,52,,37,null,11,null,01:26:44.2,,,,,,,,,,+12:31.9,,,,+12:31.9,,,,,null,,,,BT7576SWRLOG__SMIN
38,38,,null,0,STIEGLER Hubert,STIEGLER H.,STIEGLER,Hubert,AUT,18,,38,null,8,null,01:26:50.6,,,,,,,,,,+12:38.3,,,,+12:38.3,,,,,null,,,,BT7576SWRLOG__SMIN
39,39,,null,0,CARNEY Edward,CARNEY E.,CARNEY,Edward,USA,32,,39,null,14,null,01:27:32.4,,,,,,,,,,+13:20.1,,,,+13:20.1,,,,,null,,,,BT7576SWRLOG__SMIN
40,40,,null,0,SUZIER Norman,SUZIER N.,SUZIER,Norman,ROU,43,,40,null,11,null,01:28:11.7,,,,,,,,,,+13:59.4,,,,+13:59.4,,,,,null,,,,BT7576SWRLOG__SMIN
41,41,,null,0,OLIVER Jeffrey,OLIVER J.,OLIVER,Jeffrey,GBR,7,,41,null,9,null,01:28:23.9,,,,,,,,,,+14:11.6,,,,+14:11.6,,,,,null,,,,BT7576SWRLOG__SMIN
42,42,,null,0,WOODS Lyle,WOODS L.,WOODS,Lyle,USA,45,,42,null,10,null,01:29:13.2,,,,,,,,,,+15:00.9,,,,+15:00.9,,,,,null,,,,BT7576SWRLOG__SMIN
43,43,,null,0,MANFREDINI Giovanni,MANFREDINI G.,MANFREDINI,Giovanni,JPN,41,,43,null,10,null,01:29:19.4,,,,,,,,,,+15:07.1,,,,+15:07.1,,,,,null,,,,BT7576SWRLOG__SMIN
44,44,,null,0,REINHARDT Hannjo,REINHARDT H.,REINHARDT,Hannjo,AUT,33,,44,null,11,null,01:29:55.3,,,,,,,,,,+15:43.0,,,,+15:43.0,,,,,null,,,,BT7576SWRLOG__SMIN
45,45,,null,0,FERRARI Costantino,FERRARI C.,FERRARI,Costantino,SUI,49,,45,null,9,null,01:30:11.1,,,,,,,,,,+15:58.8,,,,+15:58.8,,,,,null,,,,BT7576SWRLOG__SMIN
46,46,,null,0,MAIN Alan,MAIN A.,MAIN,Alan,GBR,21,,46,null,13,null,01:30:45.4,,,,,,,,,,+16:33.1,,,,+16:33.1,,,,,null,,,,BT7576SWRLOG__SMIN
47,47,,null,0,LUCIER Jim,LUCIER J.,LUCIER,Jim,GBR,50,,47,null,8,null,01:31:01.3,,,,,,,,,,+16:49.0,,,,+16:49.0,,,,,null,,,,BT7576SWRLOG__SMIN
48,48,,null,0,TENTORI Alberto,TENTORI A.,TENTORI,Alberto,AUT,27,,48,null,12,null,01:32:02.5,,,,,,,,,,+17:50.2,,,,+17:50.2,,,,,null,,,,BT7576SWRLOG__SMIN
49,49,,null,0,WAERHAUG Ola,WAERHAUG O.,WAERHAUG,Ola,TCH,11,,49,null,13,null,01:32:09.3,,,,,,,,,,+17:57.0,,,,+17:57.0,,,,,null,,,,BT7576SWRLOG__SMIN
50,50,,null,0,BORKOWSKI Stanislaw,BORKOWSKI S.,BORKOWSKI,Stanislaw,SUI,35,,50,null,11,null,01:33:05.1,,,,,,,,,,+18:52.8,,,,+18:52.8,,,,,null,,,,BT7576SWRLOG__SMIN
51,51,,null,0,MATOUŠ Ladislav,MATOUŠ L.,MATOUŠ,Ladislav,SUI,6,,51,null,11,null,01:34:25.2,,,,,,,,,,+20:12.9,,,,+20:12.9,,,,,null,,,,BT7576SWRLOG__SMIN
52,52,,null,0,KOSSAKOWSKI Jan,KOSSAKOWSKI J.,KOSSAKOWSKI,Jan,TCH,17,,52,null,15,null,01:35:10.5,,,,,,,,,,+20:58.2,,,,+20:58.2,,,,,null,,,,BT7576SWRLOG__SMIN
1,1,,null,1,USSR,USSR,,null,URS,1,,1,,0,null,01:57:55.6,,,,,,,,,,0.0,,,,01:57:55.6,,,,,null,,,,BT7576SWRLOG__SMRL
1,1,,null,0,YELIZAROV Alexander,YELIZAROV A.,YELIZAROV,Alexander,URS,1,1,1,0+0,0,null,00:29:47.4,,,,,,,,,,null,,,,null,1,1,null,,,,BT7576SWRLOG__SMRL
1,1,,null,0,BYAKOV Ivan,BYAKOV I.,BYAKOV,Ivan,URS,1,2,1,0+0,0,null,00:29:54.7,,,,,,,,,,null,,,,null,1,1,null,,,,BT7576SWRLOG__SMRL
1,1,,null,0,TIKHONOV Alexander,TIKHONOV A.,TIKHONOV,Alexander,URS,1,3,1,0+0,0,null,00:29:07.1,,,,,,,,,,null,,,,null,1,1,null,,,,BT7576SWRLOG__SMRL
1,1,,null,0,KRUGLOV Nikolay,KRUGLOV N.,KRUGLOV,Nikolay,URS,1,4,1,0+0,0,null,00:29:06.2,,,,,,,,,,null,,,,null,1,1,null,,,,BT7576SWRLOG__SMRL
2,2,,null,1,FINLAND,FINLAND,,null,FIN,2,,2,,2,null,02:01:45.6,,,,,,,,,,+03:50.0,,,,+03:50.0,,,,,null,,,,BT7576SWRLOG__SMRL
2,2,,null,0,HALONEN Henrik,HALONEN H.,HALONEN,Henrik,FIN,2,1,2,0+0,0,null,00:30:44.6,,,,,,,,,,null,,,,null,4,4,null,,,,BT7576SWRLOG__SMRL
2,2,,null,0,IKOLA Heikki,IKOLA H.,IKOLA,Heikki,FIN,2,2,2,0+0,0,null,00:28:52.9,,,,,,,,,,null,,,,null,1,2,null,,,,BT7576SWRLOG__SMRL
2,2,,null,0,SUUTARINEN Esko,SUUTARINEN E.,SUUTARINEN,Esko,FIN,2,3,2,0+1,1,null,00:29:54.7,,,,,,,,,,null,,,,null,3,2,null,,,,BT7576SWRLOG__SMRL
2,2,,null,0,ELORANTA Heikki,ELORANTA H.,ELORANTA,Heikki,FIN,2,4,2,0+1,1,null,00:32:13.4,,,,,,,,,,null,,,,null,12,2,null,,,,BT7576SWRLOG__SMRL
3,3,,null,1,GDR,GDR,,null,GDR,3,,3,,5,null,02:04:08.6,,,,,,,,,,+06:13.0,,,,+06:13.0,,,,,null,,,,BT7576SWRLOG__SMRL
3,3,,null,0,BEER Karl-Heinz,BEER K.H.,BEER,Karl-Heinz,GDR,3,1,3,0+0,0,null,00:31:00.0,,,,,,,,,,null,,,,null,5,5,null,,,,BT7576SWRLOG__SMRL
3,3,,null,0,ULLRICH Frank,ULLRICH F.,ULLRICH,Frank,GDR,3,2,3,4+0,4,null,00:32:47.2,,,,,,,,,,null,,,,null,11,8,null,,,,BT7576SWRLOG__SMRL
3,3,,null,0,GEYER Manfred,GEYER M.,GEYER,Manfred,GDR,3,3,3,0+1,1,null,00:31:27.4,,,,,,,,,,null,,,,null,9,6,null,,,,BT7576SWRLOG__SMRL
3,3,,null,0,MUNCH Heinz,MUNCH H.,MUNCH,Heinz,GDR,3,4,3,0+0,0,null,00:28:54.0,,,,,,,,,,null,,,,null,1,3,null,,,,BT7576SWRLOG__SMRL
4,4,,null,1,FRG,FRG,,null,FRG,4,,4,,4,null,02:04:11.8,,,,,,,,,,+06:16.2,,,,+06:16.2,,,,,null,,,,BT7576SWRLOG__SMRL
4,4,,null,0,REINHARDT Heinrich,REINHARDT H.,REINHARDT,Heinrich,FRG,4,1,4,0+0,0,null,00:30:37.7,,,,,,,,,,null,,,,null,3,3,null,,,,BT7576SWRLOG__SMRL
4,4,,null,0,BEER Gerhard,BEER G.,BEER,Gerhard,FRG,4,2,4,1+0,1,null,00:30:49.5,,,,,,,,,,null,,,,null,4,3,null,,,,BT7576SWRLOG__SMRL
4,4,,null,0,ESTNER Josef,ESTNER J.,ESTNER,Josef,FRG,4,3,4,3+0,3,null,00:31:33.7,,,,,,,,,,null,,,,null,10,5,null,,,,BT7576SWRLOG__SMRL
4,4,,null,0,WINKLER Claus,WINKLER C.,WINKLER,Claus,FRG,4,4,4,0+0,0,null,00:31:10.9,,,,,,,,,,null,,,,null,4,4,null,,,,BT7576SWRLOG__SMRL
5,5,,null,1,NORWAY,NORWAY,,null,NOR,5,,5,,0,null,02:05:10.3,,,,,,,,,,+07:14.7,,,,+07:14.7,,,,,null,,,,BT7576SWRLOG__SMRL
5,5,,null,0,LUNDE Kjell,LUNDE K.,LUNDE,Kjell,NOR,5,1,5,0+0,0,null,00:31:06.1,,,,,,,,,,null,,,,null,6,6,null,,,,BT7576SWRLOG__SMRL
5,5,,null,0,NILSEN Terje,NILSEN T.,NILSEN,Terje,NOR,5,2,5,0+0,0,null,00:31:29.9,,,,,,,,,,null,,,,null,7,7,null,,,,BT7576SWRLOG__SMRL
5,5,,null,0,HOVDA Svein,HOVDA S.,HOVDA,Svein,NOR,5,3,5,0+0,0,null,00:31:48.5,,,,,,,,,,null,,,,null,11,7,null,,,,BT7576SWRLOG__SMRL
5,5,,null,0,KROGSATER Tor,KROGSATER T.,KROGSATER,Tor,NOR,5,4,5,0+0,0,null,00:30:45.8,,,,,,,,,,null,,,,null,2,5,null,,,,BT7576SWRLOG__SMRL
6,6,,null,1,ITALY,ITALY,,null,ITA,6,,6,,3,null,02:06:16.5,,,,,,,,,,+08:20.9,,,,+08:20.9,,,,,null,,,,BT7576SWRLOG__SMRL
6,6,,null,0,BERTIN Lino,BERTIN L.,BERTIN,Lino,ITA,6,1,6,0+0,0,null,00:31:47.7,,,,,,,,,,null,,,,null,9,9,null,,,,BT7576SWRLOG__SMRL
6,6,,null,0,MANFREDINI Pierantonio,MANFREDINI P.,MANFREDINI,Pierantonio,ITA,6,2,6,0+0,0,null,00:30:58.4,,,,,,,,,,null,,,,null,6,5,null,,,,BT7576SWRLOG__SMRL
6,6,,null,0,PONTICELLI Luigi,PONTICELLI L.,PONTICELLI,Luigi,ITA,6,3,6,1+2,3,null,00:31:31.4,,,,,,,,,,null,,,,null,9,8,null,,,,BT7576SWRLOG__SMRL
6,6,,null,0,BERTIN Willy,BERTIN W.,BERTIN,Willy,ITA,6,4,6,0+0,0,null,00:31:59.0,,,,,,,,,,null,,,,null,11,6,null,,,,BT7576SWRLOG__SMRL
7,7,,null,1,FRANCE,FRANCE,,null,FRA,7,,7,,5,null,02:07:32.3,,,,,,,,,,+09:36.7,,,,+09:36.7,,,,,null,,,,BT7576SWRLOG__SMRL
7,7,,null,0,ROUVY René,ROUVY R.,ROUVY,René,FRA,7,1,7,0+0,0,null,00:32:05.3,,,,,,,,,,null,,,,null,10,10,null,,,,BT7576SWRLOG__SMRL
7,7,,null,0,FONTAINE Yvon,FONTAINE Y.,FONTAINE,Yvon,FRA,7,2,7,0+2,2,null,00:31:08.5,,,,,,,,,,null,,,,null,8,9,null,,,,BT7576SWRLOG__SMRL
7,7,,null,0,BIANCHI Marius,BIANCHI M.,BIANCHI,Marius,FRA,7,3,7,0+0,0,null,00:31:37.6,,,,,,,,,,null,,,,null,10,9,null,,,,BT7576SWRLOG__SMRL
7,7,,null,0,ALBANESI Jean-Claude,ALBANESI J.C.,ALBANESI,Jean-Claude,FRA,7,4,7,0+3,3,null,00:32:40.9,,,,,,,,,,null,,,,null,14,7,null,,,,BT7576SWRLOG__SMRL
8,8,,null,1,SWEDEN,SWEDEN,,null,SWE,8,,8,,8,null,02:08:46.9,,,,,,,,,,+10:51.3,,,,+10:51.3,,,,,null,,,,BT7576SWRLOG__SMRL
8,8,,null,0,MANNERMÄKI Mats-Ake,MANNERMÄKI M.A.,MANNERMÄKI,Mats-Ake,SWE,8,1,8,0+3,3,null,00:32:27.0,,,,,,,,,,null,,,,null,11,11,null,,,,BT7576SWRLOG__SMRL
8,8,,null,0,ERIKSSON Gunnar,ERIKSSON G.,ERIKSSON,Gunnar,SWE,8,2,8,3+0,3,null,00:32:41.9,,,,,,,,,,null,,,,null,10,11,null,,,,BT7576SWRLOG__SMRL
8,8,,null,0,ARWIDSON Sune,ARWIDSON S.,ARWIDSON,Sune,SWE,8,3,8,0+2,2,null,00:31:35.6,,,,,,,,,,null,,,,null,8,11,null,,,,BT7576SWRLOG__SMRL
8,8,,null,0,PETTERSSON Nils,PETTERSSON N.,PETTERSSON,Nils,SWE,8,4,8,0+0,0,null,00:32:02.4,,,,,,,,,,null,,,,null,13,8,null,,,,BT7576SWRLOG__SMRL
9,9,,null,1,CZECHOSLOVAKIA,CZECHOSLOVAKIA,,null,TCH,9,,9,,4,null,02:09:06.6,,,,,,,,,,+11:11.0,,,,+11:11.0,,,,,null,,,,BT7576SWRLOG__SMRL
9,9,,null,0,BARTUSKA Ladislav,BARTUSKA L.,BARTUSKA,Ladislav,TCH,9,1,9,0+0,0,null,00:30:19.4,,,,,,,,,,null,,,,null,2,2,null,,,,BT7576SWRLOG__SMRL
9,9,,null,0,WAERHAUG Miroslav,WAERHAUG M.,WAERHAUG,Miroslav,TCH,9,2,9,1+0,1,null,00:30:46.3,,,,,,,,,,null,,,,null,3,4,null,,,,BT7576SWRLOG__SMRL
9,9,,null,0,SORMU Antonin,SORMU A.,SORMU,Antonin,TCH,9,3,9,0+3,3,null,00:34:25.7,,,,,,,,,,null,,,,null,15,10,null,,,,BT7576SWRLOG__SMRL
9,9,,null,0,BORKOWSKI Zdenek,BORKOWSKI Z.,BORKOWSKI,Zdenek,TCH,9,4,9,0+0,0,null,00:33:35.2,,,,,,,,,,null,,,,null,15,9,null,,,,BT7576SWRLOG__SMRL
10,10,,null,1,ROMANIA,ROMANIA,,null,ROU,10,,10,,7,null,02:09:54.4,,,,,,,,,,+11:58.8,,,,+11:58.8,,,,,null,,,,BT7576SWRLOG__SMRL
10,10,,null,0,FONTANA Nicolae,FONTANA N.,FONTANA,Nicolae,ROU,10,1,10,0+0,0,null,00:31:39.1,,,,,,,,,,null,,,,null,8,8,null,,,,BT7576SWRLOG__SMRL
10,10,,null,0,CIMPOIA Gheorghe,CIMPOIA G.,CIMPOIA,Gheorghe,ROU,10,2,10,0+0,0,null,00:32:05.7,,,,,,,,,,null,,,,null,9,10,null,,,,BT7576SWRLOG__SMRL
10,10,,null,0,VELESCU Victor,VELESCU V.,VELESCU,Victor,ROU,10,3,10,2+2,4,null,00:33:48.3,,,,,,,,,,null,,,,null,14,12,null,,,,BT7576SWRLOG__SMRL
10,10,,null,0,GHEORGHE Gheorghe,GHEORGHE G.,GHEORGHE,Gheorghe,ROU,10,4,10,0+3,3,null,00:32:21.3,,,,,,,,,,null,,,,null,13,10,null,,,,BT7576SWRLOG__SMRL
11,11,,null,1,USA,USA,,null,USA,11,,11,,null,null,02:10:01.2,,,,,,,,,,+12:05.6,,,,+12:05.6,,,,,null,,,,BT7576SWRLOG__SMRL
11,11,,null,0,DONAHUE Lyle,DONAHUE L.,DONAHUE,Lyle,USA,11,1,11,null,null,null,00:33:04.9,,,,,,,,,,null,,,,null,13,13,null,,,,BT7576SWRLOG__SMRL
11,11,,null,0,CARNEY Curt,CAR Carney,CARNEY,Curt,USA,11,2,11,null,null,null,00:31:49.2,,,,,,,,,,null,,,,null,10,11,null,,,,BT7576SWRLOG__SMRL
11,11,,null,0,BOWSER Peter,BOWSER P.,BOWSER,Peter,USA,11,3,11,null,null,null,00:33:07.7,,,,,,,,,,null,,,,null,12,13,null,,,,BT7576SWRLOG__SMRL
11,11,,null,0,JORDAN Martin,JORDAN M.,JORDAN,Martin,USA,11,4,11,null,null,null,00:31:59.4,,,,,,,,,,null,,,,null,11,11,null,,,,BT7576SWRLOG__SMRL
12,12,,null,1,JAPAN,JAPAN,,null,JPN,12,,12,,10,null,02:11:00.6,,,,,,,,,,+13:05.0,,,,+13:05.0,,,,,null,,,,BT7576SWRLOG__SMRL
12,12,,null,0,ONO Isao,ONO I.,ONO,Isao,JPN,12,1,12,1+2,3,null,00:31:07.9,,,,,,,,,,null,,,,null,7,7,null,,,,BT7576SWRLOG__SMRL
12,12,,null,0,SHIBATA Hiroyuki,SHIBATA H.,SHIBATA,Hiroyuki,JPN,12,2,12,2+3,5,null,00:33:38.2,,,,,,,,,,null,,,,null,15,12,null,,,,BT7576SWRLOG__SMRL
12,12,,null,0,SASAKI Manabu,SASAKI M.,SASAKI,Manabu,JPN,12,3,12,0+0,0,null,00:32:06.0,,,,,,,,,,null,,,,null,11,12,null,,,,BT7576SWRLOG__SMRL
12,12,,null,0,OKUYAMA Yoshiyuki,OKUYAMA Y.,OKUYAMA,Yoshiyuki,JPN,12,4,12,0+2,2,null,00:34:08.5,,,,,,,,,,null,,,,null,14,12,null,,,,BT7576SWRLOG__SMRL
13,13,,null,1,GREAT BRITAIN,GREAT BRITAIN,,null,GBR,13,,13,,8,null,02:11:54.3,,,,,,,,,,+13:58.7,,,,+13:58.7,,,,,null,,,,BT7576SWRLOG__SMRL
13,13,,null,0,NOTLEY Malcolm,NOTLEY M.,NOTLEY,Malcolm,GBR,13,1,13,1+0,1,null,00:33:33.1,,,,,,,,,,null,,,,null,14,14,null,,,,BT7576SWRLOG__SMRL
13,13,,null,0,HARRISON Jeffrey,HARRISON J.,HARRISON,Jeffrey,GBR,13,2,13,0+1,1,null,00:32:27.5,,,,,,,,,,null,,,,null,12,13,null,,,,BT7576SWRLOG__SMRL
13,13,,null,0,OLIVER Graeme,OLIVER G.,OLIVER,Graeme,GBR,13,3,13,0+3,3,null,00:33:36.1,,,,,,,,,,null,,,,null,13,14,null,,,,BT7576SWRLOG__SMRL
13,13,,null,0,MAIN Douglas,MAIN D.,MAIN,Douglas,GBR,13,4,13,0+3,3,null,00:32:17.6,,,,,,,,,,null,,,,null,13,13,null,,,,BT7576SWRLOG__SMRL
14,14,,null,1,AUSTRIA,AUSTRIA,,null,AUT,14,,14,,11,null,02:18:06.8,,,,,,,,,,+20:11.2,,,,+20:11.2,,,,,null,,,,BT7576SWRLOG__SMRL
14,14,,null,0,STIEGLER Franz-Josef,STIEGLER F.J.,STIEGLER,Franz-Josef,AUT,14,1,14,0+2,2,null,00:32:51.3,,,,,,,,,,null,,,,null,12,12,null,,,,BT7576SWRLOG__SMRL
14,14,,null,0,ALBANESI Hans,ALBANESI H.,ALBANESI,Hans,AUT,14,2,14,1+3,4,null,00:35:10.4,,,,,,,,,,null,,,,null,14,14,null,,,,BT7576SWRLOG__SMRL
14,14,,null,0,TENTORI Josef,TENTORI J.,TENTORI,Josef,AUT,14,3,14,0+3,3,null,00:35:46.3,,,,,,,,,,null,,,,null,16,15,null,,,,BT7576SWRLOG__SMRL
14,14,,null,0,FERRARI Alfred,FERRARI A.,FERRARI,Alfred,AUT,14,4,14,0+2,2,null,00:34:18.8,,,,,,,,,,null,,,,null,15,14,null,,,,BT7576SWRLOG__SMRL
15,15,,null,1,SWITZERLAND,SWITZERLAND,,null,SUI,15,,15,,11,null,02:24:28.4,,,,,,,,,,+26:32.8,,,,+26:32.8,,,,,null,,,,BT7576SWRLOG__SMRL
15,15,,null,0,KOSSAKOWSKI Hansruedi,KOSSAKOWSKI H.,KOSSAKOWSKI,Hansruedi,SUI,15,1,15,0+0,0,null,00:35:05.0,,,,,,,,,,null,,,,null,15,15,null,,,,BT7576SWRLOG__SMRL
15,15,,null,0,MEINILÄ Christian,MEINILÄ C.,MEINILÄ,Christian,SUI,15,2,15,2+3,5,null,00:37:37.0,,,,,,,,,,null,,,,null,16,15,null,,,,BT7576SWRLOG__SMRL
15,15,,null,0,PONTICELLI Jürg,PONTICELLI J.,PONTICELLI,Jürg,SUI,15,3,15,0+3,3,null,00:35:18.4,,,,,,,,,,null,,,,null,14,15,null,,,,BT7576SWRLOG__SMRL
15,15,,null,0,BEER Urs,BEER U.,BEER,Urs,SUI,15,4,15,1+2,3,null,00:36:28.0,,,,,,,,,,null,,,,null,16,15,null,,,,BT7576SWRLOG__SMRL
1,1,,null,0,ALYABYEV Anatoly,ALYABYEV A.,ALYABYEV,Anatoly,URS,43,,1,0+0+0+0,0,null,01:08:16.3,,,,,,,,,,0.0,,,,01:08:16.3,,,,,null,,,,BT7980SWRLOG__SMIN
2,2,,null,0,ULLRICH Frank,ULLRICH F.,ULLRICH,Frank,GDR,36,,2,1+0+1+1,3,null,01:08:27.8,,,,,,,,,,+11.5,,,,+11.5,,,,,null,,,,BT7980SWRLOG__SMIN
3,3,,null,0,RÖSCH Eberhard,RÖSCH E.,RÖSCH,Eberhard,GDR,29,,3,0+1+1+0,2,null,01:11:11.7,,,,,,,,,,+02:55.4,,,,+02:55.4,,,,,null,,,,BT7980SWRLOG__SMIN
4,4,,null,0,VALKO Vidar,VALKO V.,VALKO,Vidar,NOR,22,,4,0+1+1+0,2,null,01:11:27.1,,,,,,,,,,+03:10.8,,,,+03:10.8,,,,,null,,,,BT7980SWRLOG__SMIN
5,5,,null,0,KOSSAKOWSKI Vladimir,KOSSAKOWSKI V.,KOSSAKOWSKI,Vladimir,URS,34,,5,0+0+0+3,3,null,01:12:01.3,,,,,,,,,,+03:45.0,,,,+03:45.0,,,,,null,,,,BT7980SWRLOG__SMIN
6,6,,null,0,HEIKKINEN Erkki,HEIKKINEN E.,HEIKKINEN,Erkki,FIN,19,,6,0+0+0+1,1,null,01:12:13.1,,,,,,,,,,+03:56.8,,,,+03:56.8,,,,,null,,,,BT7980SWRLOG__SMIN
7,7,,null,0,BARNASHOV Vladimir,BARNASHOV V.,BARNASHOV,Vladimir,URS,30,,7,0+0+0+0,0,null,01:12:49.1,,,,,,,,,,+04:32.8,,,,+04:32.8,,,,,null,,,,BT7980SWRLOG__SMIN
8,8,,null,0,SUUTARINEN Heikki,SUUTARINEN H.,SUUTARINEN,Heikki,FIN,10,,8,0+1+0+2,3,null,01:13:02.0,,,,,,,,,,+04:45.7,,,,+04:45.7,,,,,null,,,,BT7980SWRLOG__SMIN
9,9,,null,0,FERRARI Terje,FERRARI T.,FERRARI,Terje,NOR,42,,9,1+1+1+2,5,null,01:13:10.1,,,,,,,,,,+04:53.8,,,,+04:53.8,,,,,null,,,,BT7980SWRLOG__SMIN
10,10,,null,0,BEER Hans,BEER H.,BEER,Hans,GDR,48,,10,null,6,null,01:13:34.9,,,,,,,,,,+05:18.6,,,,+05:18.6,,,,,null,,,,BT7980SWRLOG__SMIN
11,11,,null,0,LUNDE Odd,LUNDE O.,LUNDE,Odd,NOR,14,,11,null,5,null,01:13:38.8,,,,,,,,,,+05:22.5,,,,+05:22.5,,,,,null,,,,BT7980SWRLOG__SMIN
12,12,,null,0,RAPACZ Jozef,RAPACZ J.,RAPACZ,Jozef,POL,4,,12,null,1,null,01:13:59.9,,,,,,,,,,+05:43.6,,,,+05:43.6,,,,,null,,,,BT7980SWRLOG__SMIN
13,13,,null,0,SUZIER Sulo,SUZIER S.,SUZIER,Sulo,SWE,26,,13,null,4,null,01:14:13.2,,,,,,,,,,+05:56.9,,,,+05:56.9,,,,,null,,,,BT7980SWRLOG__SMIN
14,14,,null,0,FERRARI Alfred,FERRARI A.,FERRARI,Alfred,AUT,2,,14,null,4,null,01:14:26.4,,,,,,,,,,+06:10.1,,,,+06:10.1,,,,,null,,,,BT7980SWRLOG__SMIN
15,15,,null,0,REINHARDT Dieter,REINHARDT D.,REINHARDT,Dieter,FRG,44,,15,null,3,null,01:14:31.2,,,,,,,,,,+06:14.9,,,,+06:14.9,,,,,null,,,,BT7980SWRLOG__SMIN
16,16,,null,0,WAERHAUG Ola,WAERHAUG O.,WAERHAUG,Ola,NOR,33,,16,null,3,null,01:14:38.4,,,,,,,,,,+06:22.1,,,,+06:22.1,,,,,null,,,,BT7980SWRLOG__SMIN
17,17,,null,0,MORODER Arduino,MORODER A.,MORODER,Arduino,ITA,5,,17,null,2,null,01:14:50.3,,,,,,,,,,+06:34.0,,,,+06:34.0,,,,,null,,,,BT7980SWRLOG__SMIN
18,18,,null,0,KOSCHKA Horst,KOSCHKA H.,KOSCHKA,Horst,FRG,16,,18,null,4,null,01:14:53.1,,,,,,,,,,+06:36.8,,,,+06:36.8,,,,,null,,,,BT7980SWRLOG__SMIN
19,19,,null,0,ARWIDSON Lars-Goran,ARWIDSON L.G.,ARWIDSON,Lars-Goran,SWE,15,,19,null,5,null,01:15:10.4,,,,,,,,,,+06:54.1,,,,+06:54.1,,,,,null,,,,BT7980SWRLOG__SMIN
20,20,,null,0,SUUTARINEN Arve,SUUTARINEN A.,SUUTARINEN,Arve,FIN,38,,20,null,6,null,01:15:23.5,,,,,,,,,,+07:07.2,,,,+07:07.2,,,,,null,,,,BT7980SWRLOG__SMIN
21,21,,null,0,SORMU Heikki,SORMU H.,SORMU,Heikki,FIN,24,,21,null,8,null,01:15:37.3,,,,,,,,,,+07:21.0,,,,+07:21.0,,,,,null,,,,BT7980SWRLOG__SMIN
22,22,,null,0,BORKOWSKI Stanislaw,BORKOWSKI S.,BORKOWSKI,Stanislaw,POL,39,,22,null,3,null,01:15:52.4,,,,,,,,,,+07:36.1,,,,+07:36.1,,,,,null,,,,BT7980SWRLOG__SMIN
23,23,,null,0,ALBANESI Ermanno,ALBANESI E.,ALBANESI,Ermanno,ITA,3,,23,null,5,null,01:16:11.1,,,,,,,,,,+07:54.8,,,,+07:54.8,,,,,null,,,,BT7980SWRLOG__SMIN
24,24,,null,0,KOSSAKOWSKI Jan,KOSSAKOWSKI J.,KOSSAKOWSKI,Jan,SWE,47,,24,null,7,null,01:16:33.2,,,,,,,,,,+08:16.9,,,,+08:16.9,,,,,null,,,,BT7980SWRLOG__SMIN
25,25,,null,0,PONTICELLI Luigi,PONTICELLI L.,PONTICELLI,Luigi,ITA,1,,25,null,6,null,01:16:51.6,,,,,,,,,,+08:35.3,,,,+08:35.3,,,,,null,,,,BT7980SWRLOG__SMIN
26,26,,null,0,ROUVY Guy,ROUVY G.,ROUVY,Guy,FRA,28,,26,null,7,null,01:16:55.7,,,,,,,,,,+08:39.4,,,,+08:39.4,,,,,null,,,,BT7980SWRLOG__SMIN
27,27,,null,0,LUCIER Jim,LUCIER J.,LUCIER,Jim,USA,13,,27,null,3,null,01:17:04.0,,,,,,,,,,+08:47.7,,,,+08:47.7,,,,,null,,,,BT7980SWRLOG__SMIN
28,28,,null,0,BERTIN Willy,BERTIN W.,BERTIN,Willy,ITA,20,,28,null,6,null,01:17:15.9,,,,,,,,,,+08:59.6,,,,+08:59.6,,,,,null,,,,BT7980SWRLOG__SMIN
29,29,,null,0,BIANCHI Daniel,BIANCHI D.,BIANCHI,Daniel,FRA,53,,29,null,6,null,01:17:34.0,,,,,,,,,,+09:17.7,,,,+09:17.7,,,,,null,,,,BT7980SWRLOG__SMIN
30,30,,null,0,SNOW Martin,SNOW M.,SNOW,Martin,USA,1,,30,null,5,null,01:17:41.2,,,,,,,,,,+09:24.9,,,,+09:24.9,,,,,null,,,,BT7980SWRLOG__SMIN
31,31,,null,0,SUZIER Norman,SUZIER N.,SUZIER,Norman,USA,46,,31,null,4,null,01:18:15.5,,,,,,,,,,+09:59.2,,,,+09:59.2,,,,,null,,,,BT7980SWRLOG__SMIN
32,32,,null,0,GHEORGHE Constantin,GHEORGHE C.,GHEORGHE,Constantin,ROU,4,,32,null,6,null,01:18:56.1,,,,,,,,,,+10:39.8,,,,+10:39.8,,,,,null,,,,BT7980SWRLOG__SMIN
33,33,,null,0,SASAKI Miki,SASAKI M.,SASAKI,Miki,JPN,20,,33,null,5,null,01:19:07.5,,,,,,,,,,+10:51.2,,,,+10:51.2,,,,,null,,,,BT7980SWRLOG__SMIN
34,34,,null,0,FERRARI Costantino,FERRARI C.,FERRARI,Costantino,SUI,49,,34,null,6,null,01:19:43.7,,,,,,,,,,+11:27.4,,,,+11:27.4,,,,,null,,,,BT7980SWRLOG__SMIN
35,35,,null,0,NOTLEY Marcus,NOTLEY M.,NOTLEY,Marcus,GBR,39,,35,null,7,null,01:19:53.2,,,,,,,,,,+11:36.9,,,,+11:36.9,,,,,null,,,,BT7980SWRLOG__SMIN
36,36,,null,0,OHASHI Shozo,OHASHI S.,OHASHI,Shozo,JPN,31,,36,null,7,null,01:21:00.0,,,,,,,,,,+12:43.7,,,,+12:43.7,,,,,null,,,,BT7980SWRLOG__SMIN
37,37,,null,0,VELESCU Victor,VELESCU V.,VELESCU,Victor,ROU,12,,37,null,8,null,01:21:08.5,,,,,,,,,,+12:52.2,,,,+12:52.2,,,,,null,,,,BT7980SWRLOG__SMIN
38,38,,null,0,ALBANESI Jean-Claude,ALBANESI J.C.,ALBANESI,Jean-Claude,FRA,18,,38,null,11,null,01:21:28.0,,,,,,,,,,+13:11.7,,,,+13:11.7,,,,,null,,,,BT7980SWRLOG__SMIN
39,39,,null,0,MAIN Alan,MAIN A.,MAIN,Alan,GBR,32,,39,null,11,null,01:21:30.9,,,,,,,,,,+13:14.6,,,,+13:14.6,,,,,null,,,,BT7980SWRLOG__SMIN
40,40,,null,0,WOODS Lyle,WOODS L.,WOODS,Lyle,USA,43,,40,null,9,null,01:21:44.2,,,,,,,,,,+13:27.9,,,,+13:27.9,,,,,null,,,,BT7980SWRLOG__SMIN
41,41,,null,0,SASAKI Hiroyuki,SASAKI H.,SASAKI,Hiroyuki,JPN,7,,41,null,12,null,01:22:04.9,,,,,,,,,,+13:48.6,,,,+13:48.6,,,,,null,,,,BT7980SWRLOG__SMIN
42,42,,null,0,VINE George,VINE G.,VINE,George,CAN,45,,42,null,10,null,01:23:14.3,,,,,,,,,,+14:58.0,,,,+14:58.0,,,,,null,,,,BT7980SWRLOG__SMIN
43,43,,null,0,BEER Urs,BEER U.,BEER,Urs,SUI,41,,43,null,9,null,01:23:19.4,,,,,,,,,,+15:03.1,,,,+15:03.1,,,,,null,,,,BT7980SWRLOG__SMIN
44,44,,null,0,OLIVER Graeme,OLIVER G.,OLIVER,Graeme,GBR,33,,44,null,14,null,01:24:22.3,,,,,,,,,,+16:06.0,,,,+16:06.0,,,,,null,,,,BT7980SWRLOG__SMIN
45,45,,null,0,LUCIER Norman,LUCIER N.,LUCIER,Norman,CAN,49,,45,null,15,null,01:25:30.2,,,,,,,,,,+17:13.9,,,,+17:13.9,,,,,null,,,,BT7980SWRLOG__SMIN
46,46,,null,0,TENTORI Alberto,TENTORI A.,TENTORI,Alberto,AUT,21,,46,null,12,null,01:26:08.5,,,,,,,,,,+17:52.2,,,,+17:52.2,,,,,null,,,,BT7980SWRLOG__SMIN
47,47,,null,0,STOPKA Andrzej,STOPKA A.,STOPKA,Andrzej,POL,50,,47,null,16,null,01:26:54.1,,,,,,,,,,+18:37.8,,,,+18:37.8,,,,,null,,,,BT7980SWRLOG__SMIN
48,48,,null,0,LUCIER Jim,LUCIER J.,LUCIER,Jim,CAN,27,,48,null,17,null,01:28:02.5,,,,,,,,,,+19:46.2,,,,+19:46.2,,,,,null,,,,BT7980SWRLOG__SMIN
49,49,,null,0,MATOUŠ Ladislav,MATOUŠ L.,MATOUŠ,Ladislav,TCH,11,,49,null,18,null,01:29:09.3,,,,,,,,,,+20:53.0,,,,+20:53.0,,,,,null,,,,BT7980SWRLOG__SMIN
1,1,,null,0,ULLRICH Frank,ULLRICH F.,ULLRICH,Frank,GDR,38,,1,0+2,2,null,00:32:10.7,,,,,,,,,,0.0,,,,00:32:10.7,,,,,null,,,,BT7980SWRLOG__SMSP
2,2,,null,0,ALYABYEV Anatoly,ALYABYEV A.,ALYABYEV,Anatoly,URS,46,,2,1+0,1,null,00:33:09.3,,,,,,,,,,+58.6,,,,+58.6,,,,,null,,,,BT7980SWRLOG__SMSP
3,3,,null,0,ALIKIN Vladimir,ALIKIN V.,ALIKIN,Vladimir,URS,31,,3,1+2,3,null,00:33:27.3,,,,,,,,,,+01:16.6,,,,+01:16.6,,,,,null,,,,BT7980SWRLOG__SMSP
4,4,,null,0,HEIKKINEN Erkki,HEIKKINEN E.,HEIKKINEN,Erkki,FIN,22,,4,0+1,1,null,00:33:52.0,,,,,,,,,,+01:41.3,,,,+01:41.3,,,,,null,,,,BT7980SWRLOG__SMSP
5,5,,null,0,VALKO Klaus,VALKO K.,VALKO,Klaus,GDR,25,,5,0+2,2,null,00:34:02.7,,,,,,,,,,+01:52.0,,,,+01:52.0,,,,,null,,,,BT7980SWRLOG__SMSP
6,6,,null,0,FERRARI Alfred,FERRARI A.,FERRARI,Alfred,AUT,44,,6,0+0,0,null,00:34:24.5,,,,,,,,,,+02:13.8,,,,+02:13.8,,,,,null,,,,BT7980SWRLOG__SMSP
7,7,,null,0,KOSSAKOWSKI Vladimir,KOSSAKOWSKI V.,KOSSAKOWSKI,Vladimir,URS,15,,7,1+2,3,null,00:34:24.5,,,,,,,,,,+02:13.8,,,,+02:13.8,,,,,null,,,,BT7980SWRLOG__SMSP
8,8,,null,0,BARNASHOV Vladimir,BARNASHOV V.,BARNASHOV,Vladimir,URS,52,,8,2+1,3,null,00:34:40.5,,,,,,,,,,+02:29.8,,,,+02:29.8,,,,,null,,,,BT7980SWRLOG__SMSP
9,9,,null,0,BEER Hans,BEER H.,BEER,Hans,GDR,10,,9,2+1,3,null,00:34:45.4,,,,,,,,,,+02:34.7,,,,+02:34.7,,,,,null,,,,BT7980SWRLOG__SMSP
10,10,,null,0,LUNDE Odd,LUNDE O.,LUNDE,Odd,NOR,54,,10,1+1,2,null,00:34:48.3,,,,,,,,,,+02:37.6,,,,+02:37.6,,,,,null,,,,BT7980SWRLOG__SMSP
11,11,,null,0,SUUTARINEN Arve,SUUTARINEN A.,SUUTARINEN,Arve,FIN,30,,11,0+2,2,null,00:34:52.2,,,,,,,,,,+02:41.5,,,,+02:41.5,,,,,null,,,,BT7980SWRLOG__SMSP
12,12,,null,0,SUZIER Sulo,SUZIER S.,SUZIER,Sulo,SWE,12,,12,0+2,2,null,00:34:57.1,,,,,,,,,,+02:46.4,,,,+02:46.4,,,,,null,,,,BT7980SWRLOG__SMSP
13,13,,null,0,REINHARDT Dieter,REINHARDT D.,REINHARDT,Dieter,FRG,42,,13,1+1,2,null,00:34:58.2,,,,,,,,,,+02:47.5,,,,+02:47.5,,,,,null,,,,BT7980SWRLOG__SMSP
14,14,,null,0,FERRARI Terje,FERRARI T.,FERRARI,Terje,NOR,34,,14,1+3,4,null,00:35:05.1,,,,,,,,,,+02:54.4,,,,+02:54.4,,,,,null,,,,BT7980SWRLOG__SMSP
15,15,,null,0,PONTICELLI Luigi,PONTICELLI L.,PONTICELLI,Luigi,ITA,3,,15,0+1,1,null,00:35:07.5,,,,,,,,,,+02:56.8,,,,+02:56.8,,,,,null,,,,BT7980SWRLOG__SMSP
16,16,,null,0,NOTLEY Marcus,NOTLEY M.,NOTLEY,Marcus,GBR,36,,16,0+1,1,null,00:35:10.2,,,,,,,,,,+02:59.5,,,,+02:59.5,,,,,null,,,,BT7980SWRLOG__SMSP
17,17,,null,0,ALBANESI Ermanno,ALBANESI E.,ALBANESI,Ermanno,ITA,5,,17,1+2,3,null,00:35:17.3,,,,,,,,,,+03:06.6,,,,+03:06.6,,,,,null,,,,BT7980SWRLOG__SMSP
18,18,,null,0,RAPACZ Jozef,RAPACZ J.,RAPACZ,Jozef,POL,48,,18,0+2,2,null,00:35:17.8,,,,,,,,,,+03:07.1,,,,+03:07.1,,,,,null,,,,BT7980SWRLOG__SMSP
19,19,,null,0,KOSCHKA Horst,KOSCHKA H.,KOSCHKA,Horst,FRG,33,,19,1+1,2,null,00:35:20.9,,,,,,,,,,+03:10.2,,,,+03:10.2,,,,,null,,,,BT7980SWRLOG__SMSP
20,20,,null,0,ARWIDSON Lars-Goran,ARWIDSON L.G.,ARWIDSON,Lars-Goran,SWE,16,,20,null,2,null,00:35:25.8,,,,,,,,,,+03:15.1,,,,+03:15.1,,,,,null,,,,BT7980SWRLOG__SMSP
21,21,,null,0,JORDAN Martin,JORDAN M.,JORDAN,Martin,USA,19,,21,null,2,null,00:35:36.5,,,,,,,,,,+03:25.8,,,,+03:25.8,,,,,null,,,,BT7980SWRLOG__SMSP
22,22,,null,0,MEINILÄ Martti,MEINILÄ M.,MEINILÄ,Martti,JPN,24,,22,null,2,null,00:35:40.0,,,,,,,,,,+03:29.3,,,,+03:29.3,,,,,null,,,,BT7980SWRLOG__SMSP
23,23,,null,0,WAERHAUG Ola,WAERHAUG O.,WAERHAUG,Ola,NOR,39,,23,null,3,null,00:35:46.0,,,,,,,,,,+03:35.3,,,,+03:35.3,,,,,null,,,,BT7980SWRLOG__SMSP
24,24,,null,0,GHEORGHE Constantin,GHEORGHE C.,GHEORGHE,Constantin,ROU,47,,24,null,4,null,00:35:54.3,,,,,,,,,,+03:43.6,,,,+03:43.6,,,,,null,,,,BT7980SWRLOG__SMSP
25,25,,null,0,STOPKA Andrzej,STOPKA A.,STOPKA,Andrzej,POL,3,,25,null,2,null,00:35:56.5,,,,,,,,,,+03:45.8,,,,+03:45.8,,,,,null,,,,BT7980SWRLOG__SMSP
26,26,,null,0,MORODER Arduino,MORODER A.,MORODER,Arduino,ITA,1,,26,null,2,null,00:36:09.1,,,,,,,,,,+03:58.4,,,,+03:58.4,,,,,null,,,,BT7980SWRLOG__SMSP
27,27,,null,0,BERTIN Willy,BERTIN W.,BERTIN,Willy,ITA,53,,27,null,3,null,00:36:11.7,,,,,,,,,,+04:01.0,,,,+04:01.0,,,,,null,,,,BT7980SWRLOG__SMSP
28,28,,null,0,SNOW Richard,SNOW R.,SNOW,Richard,USA,13,,28,null,4,null,00:36:15.1,,,,,,,,,,+04:04.4,,,,+04:04.4,,,,,null,,,,BT7980SWRLOG__SMSP
29,29,,null,0,BIANCHI Daniel,BIANCHI D.,BIANCHI,Daniel,FRA,44,,29,null,3,null,00:36:34.0,,,,,,,,,,+04:23.3,,,,+04:23.3,,,,,null,,,,BT7980SWRLOG__SMSP
30,30,,null,0,LUCIER Norman,LUCIER N.,LUCIER,Norman,CAN,14,,30,null,2,null,00:36:44.2,,,,,,,,,,+04:33.5,,,,+04:33.5,,,,,null,,,,BT7980SWRLOG__SMSP
31,31,,null,0,ROUVY Guy,ROUVY G.,ROUVY,Guy,FRA,28,,31,null,4,null,00:36:55.7,,,,,,,,,,+04:45.0,,,,+04:45.0,,,,,null,,,,BT7980SWRLOG__SMSP
32,32,,null,0,FERRARI Costantino,FERRARI C.,FERRARI,Costantino,SUI,49,,32,null,4,null,00:37:11.7,,,,,,,,,,+05:01.0,,,,+05:01.0,,,,,null,,,,BT7980SWRLOG__SMSP
33,33,,null,0,OHASHI Shozo,OHASHI S.,OHASHI,Shozo,JPN,31,,33,null,4,null,00:37:20.9,,,,,,,,,,+05:10.2,,,,+05:10.2,,,,,null,,,,BT7980SWRLOG__SMSP
34,34,,null,0,VILLA Jean-Claude,VILLA J.C.,VILLA,Jean-Claude,FRA,43,,34,null,3,null,00:37:28.4,,,,,,,,,,+05:17.7,,,,+05:17.7,,,,,null,,,,BT7980SWRLOG__SMSP
35,35,,null,0,SASAKI Miki,SASAKI M.,SASAKI,Miki,JPN,20,,35,null,4,null,00:37:34.5,,,,,,,,,,+05:23.8,,,,+05:23.8,,,,,null,,,,BT7980SWRLOG__SMSP
36,36,,null,0,BORKOWSKI Stanislaw,BORKOWSKI S.,BORKOWSKI,Stanislaw,POL,39,,36,null,3,null,00:37:42.3,,,,,,,,,,+05:31.6,,,,+05:31.6,,,,,null,,,,BT7980SWRLOG__SMSP
37,37,,null,0,WOODS Lyle,WOODS L.,WOODS,Lyle,USA,18,,37,null,4,null,00:38:11.2,,,,,,,,,,+06:00.5,,,,+06:00.5,,,,,null,,,,BT7980SWRLOG__SMSP
38,38,,null,0,OLIVER Graeme,OLIVER G.,OLIVER,Graeme,GBR,32,,38,null,4,null,00:38:13.9,,,,,,,,,,+06:03.2,,,,+06:03.2,,,,,null,,,,BT7980SWRLOG__SMSP
39,39,,null,0,MAIN Alan,MAIN A.,MAIN,Alan,GBR,45,,39,null,4,null,00:38:21.4,,,,,,,,,,+06:10.7,,,,+06:10.7,,,,,null,,,,BT7980SWRLOG__SMSP
40,40,,null,0,SASAKI Hiroyuki,SASAKI H.,SASAKI,Hiroyuki,JPN,7,,40,null,6,null,00:38:34.9,,,,,,,,,,+06:24.2,,,,+06:24.2,,,,,null,,,,BT7980SWRLOG__SMSP
41,41,,null,0,VELESCU Victor,VELESCU V.,VELESCU,Victor,ROU,41,,41,null,4,null,00:38:52.3,,,,,,,,,,+06:41.6,,,,+06:41.6,,,,,null,,,,BT7980SWRLOG__SMSP
42,42,,null,0,BEER Urs,BEER U.,BEER,Urs,SUI,33,,42,null,4,null,00:39:15.3,,,,,,,,,,+07:04.6,,,,+07:04.6,,,,,null,,,,BT7980SWRLOG__SMSP
43,43,,null,0,VINE George,VINE G.,VINE,George,CAN,50,,43,null,5,null,00:39:44.3,,,,,,,,,,+07:33.6,,,,+07:33.6,,,,,null,,,,BT7980SWRLOG__SMSP
44,44,,null,0,TENTORI Alberto,TENTORI A.,TENTORI,Alberto,AUT,27,,44,null,5,null,00:40:02.5,,,,,,,,,,+07:51.8,,,,+07:51.8,,,,,null,,,,BT7980SWRLOG__SMSP
45,45,,null,0,LUCIER Jim,LUCIER J.,LUCIER,Jim,CAN,6,,45,null,6,null,00:40:24.0,,,,,,,,,,+08:13.3,,,,+08:13.3,,,,,null,,,,BT7980SWRLOG__SMSP
46,46,,null,0,MATOUŠ Ladislav,MATOUŠ L.,MATOUŠ,Ladislav,TCH,11,,46,null,6,null,00:41:09.3,,,,,,,,,,+08:58.6,,,,+08:58.6,,,,,null,,,,BT7980SWRLOG__SMSP
47,47,,null,0,SNOW Richard,SNOW R.,SNOW,Richard,USA,46,,47,null,6,null,00:41:15.1,,,,,,,,,,+09:04.4,,,,+09:04.4,,,,,null,,,,BT7980SWRLOG__SMSP
48,48,,null,0,CARNEY Edward,CARNEY E.,CARNEY,Edward,USA,21,,48,null,7,null,00:41:42.5,,,,,,,,,,+09:31.8,,,,+09:31.8,,,,,null,,,,BT7980SWRLOG__SMSP
49,49,,null,0,RUTLEDGE Ewan,RUTLEDGE E.,RUTLEDGE,Ewan,CAN,35,,49,null,8,null,00:42:05.1,,,,,,,,,,+09:54.4,,,,+09:54.4,,,,,null,,,,BT7980SWRLOG__SMSP
50,50,DNF,null,0,FONTANA Nicolae,FONTANA N.,FONTANA,Nicolae,ROU,17,,50,null,null,null,null,,,,,,,,,,null,,,,null,,,,,null,,,,BT7980SWRLOG__SMSP
1,1,,null,1,USSR,USSR,,null,URS,1,,1,,0,null,01:34:03.3,,,,,,,,,,0.0,,,,01:34:03.3,,,,,null,,,,BT7980SWRLOG__SMRL
1,1,,null,0,ALIKIN Vladimir,ALIKIN V.,ALIKIN,Vladimir,URS,1,1,1,0+0,0,null,00:22:40.7,,,,,,,,,,null,,,,null,1,1,null,,,,BT7980SWRLOG__SMRL
1,1,,null,0,TIKHONOV Alexander,TIKHONOV A.,TIKHONOV,Alexander,URS,1,2,1,0+0,0,null,00:23:44.6,,,,,,,,,,null,,,,null,1,1,null,,,,BT7980SWRLOG__SMRL
1,1,,null,0,BARNASHOV Vladimir,BARNASHOV V.,BARNASHOV,Vladimir,URS,1,3,1,0+0,0,null,00:23:38.3,,,,,,,,,,null,,,,null,1,1,null,,,,BT7980SWRLOG__SMRL
1,1,,null,0,ALYABYEV Anatoly,ALYABYEV A.,ALYABYEV,Anatoly,URS,1,4,1,0+0,0,null,00:23:59.7,,,,,,,,,,null,,,,null,1,1,null,,,,BT7980SWRLOG__SMRL
2,2,,null,1,GDR,GDR,,null,GDR,2,,2,,3,null,01:34:57.0,,,,,,,,,,+53.7,,,,+53.7,,,,,null,,,,BT7980SWRLOG__SMRL
2,2,,null,0,JUNGE Mathias,JUNGE M.,JUNGE,Mathias,GDR,2,1,2,0+0,0,null,00:23:23.9,,,,,,,,,,null,,,,null,2,2,null,,,,BT7980SWRLOG__SMRL
2,2,,null,0,SIEBBERT Klaus,SIEBBERT K.,SIEBBERT,Klaus,GDR,2,2,2,0+0,0,null,00:23:45.3,,,,,,,,,,null,,,,null,2,2,null,,,,BT7980SWRLOG__SMRL
2,2,,null,0,ROSCH Eberhard,ROSCH E.,ROSCH,Eberhard,GDR,2,3,2,0+1,1,null,00:24:30.5,,,,,,,,,,null,,,,null,4,2,null,,,,BT7980SWRLOG__SMRL
2,2,,null,0,ULLRICH Frank,ULLRICH F.,ULLRICH,Frank,GDR,2,4,2,0+2,2,null,00:23:17.3,,,,,,,,,,null,,,,null,1,2,null,,,,BT7980SWRLOG__SMRL
3,3,,null,1,FRG,FRG,,null,FRG,3,,3,,2,null,01:37:30.3,,,,,,,,,,+03:27.0,,,,+03:27.0,,,,,null,,,,BT7980SWRLOG__SMRL
3,3,,null,0,REINHARDT Franz,REINHARDT F.,REINHARDT,Franz,FRG,3,1,3,0+0,0,null,00:24:08.0,,,,,,,,,,null,,,,null,4,4,null,,,,BT7980SWRLOG__SMRL
3,3,,null,0,ESTNER Hans,ESTNER H.,ESTNER,Hans,FRG,3,2,3,0+1,1,null,00:24:30.3,,,,,,,,,,null,,,,null,4,4,null,,,,BT7980SWRLOG__SMRL
3,3,,null,0,WINKLER Peter,WINKLER P.,WINKLER,Peter,FRG,3,3,3,0+1,1,null,00:24:35.0,,,,,,,,,,null,,,,null,5,3,null,,,,BT7980SWRLOG__SMRL
3,3,,null,0,KOSSAKOWSKI Gerhard,KOSSAKOWSKI G.,KOSSAKOWSKI,Gerhard,FRG,3,4,3,0+0,0,null,00:24:17.0,,,,,,,,,,null,,,,null,3,3,null,,,,BT7980SWRLOG__SMRL
4,4,,null,1,NORWAY,NORWAY,,null,NOR,4,,4,,0,null,01:38:11.8,,,,,,,,,,+04:08.5,,,,+04:08.5,,,,,null,,,,BT7980SWRLOG__SMRL
4,4,,null,0,KROGSATER Svein,KROGSATER S.,KROGSATER,Svein,NOR,4,1,4,0+0,0,null,00:24:26.5,,,,,,,,,,null,,,,null,6,6,null,,,,BT7980SWRLOG__SMRL
4,4,,null,0,FERRARI Terje,FERRARI T.,FERRARI,Terje,NOR,4,2,4,0+0,0,null,00:24:43.7,,,,,,,,,,null,,,,null,6,5,null,,,,BT7980SWRLOG__SMRL
4,4,,null,0,LUNDE Kjell,LUNDE K.,LUNDE,Kjell,NOR,4,3,4,0+0,0,null,00:24:18.6,,,,,,,,,,null,,,,null,3,4,null,,,,BT7980SWRLOG__SMRL
4,4,,null,0,VALKO Sigleif,VALKO S.,VALKO,Sigleif,NOR,4,4,4,0+0,0,null,00:24:43.0,,,,,,,,,,null,,,,null,6,4,null,,,,BT7980SWRLOG__SMRL
5,5,,null,1,FRANCE,FRANCE,,null,FRA,5,,5,,0,null,01:38:23.4,,,,,,,,,,+04:20.1,,,,+04:20.1,,,,,null,,,,BT7980SWRLOG__SMRL
5,5,,null,0,ROUVY Yvon,ROUVY Y.,ROUVY,Yvon,FRA,5,1,5,0+0,0,null,00:24:53.9,,,,,,,,,,null,,,,null,11,11,null,,,,BT7980SWRLOG__SMRL
5,5,,null,0,FONTAINE Christian,FONTAINE C.,FONTAINE,Christian,FRA,5,2,5,0+0,0,null,00:24:34.9,,,,,,,,,,null,,,,null,5,7,null,,,,BT7980SWRLOG__SMRL
5,5,,null,0,BIANCHI Yves,BIANCHI Y.,BIANCHI,Yves,FRA,5,3,5,0+0,0,null,00:24:41.2,,,,,,,,,,null,,,,null,6,5,null,,,,BT7980SWRLOG__SMRL
5,5,,null,0,ALBANESI Francis,ALBANESI F.,ALBANESI,Francis,FRA,5,4,5,0+0,0,null,00:24:13.4,,,,,,,,,,null,,,,null,2,5,null,,,,BT7980SWRLOG__SMRL
6,6,,null,1,AUSTRIA,AUSTRIA,,null,AUT,6,,6,,4,null,01:38:32.0,,,,,,,,,,+04:28.7,,,,+04:28.7,,,,,null,,,,BT7980SWRLOG__SMRL
6,6,,null,0,STIEGLER Rudolf,STIEGLER R.,STIEGLER,Rudolf,AUT,6,1,6,0+0,0,null,00:23:59.9,,,,,,,,,,null,,,,null,3,3,null,,,,BT7980SWRLOG__SMRL
6,6,,null,0,FERRARI Franz-Josef,FERRARI F.J.,FERRARI,Franz-Josef,AUT,6,2,6,0+1,1,null,00:24:54.6,,,,,,,,,,null,,,,null,8,6,null,,,,BT7980SWRLOG__SMRL
6,6,,null,0,TENTORI Josef,TENTORI J.,TENTORI,Josef,AUT,6,3,6,0+3,3,null,00:25:05.4,,,,,,,,,,null,,,,null,10,7,null,,,,BT7980SWRLOG__SMRL
6,6,,null,0,ALBANESI Alfred,ALBANESI A.,ALBANESI,Alfred,AUT,6,4,6,0+0,0,null,00:24:32.1,,,,,,,,,,null,,,,null,5,6,null,,,,BT7980SWRLOG__SMRL
7,7,,null,1,FINLAND,FINLAND,,null,FIN,7,,7,,6,null,01:38:50.8,,,,,,,,,,+04:47.5,,,,+04:47.5,,,,,null,,,,BT7980SWRLOG__SMRL
7,7,,null,0,HALONEN Keijo,HALONEN K.,HALONEN,Keijo,FIN,7,1,7,0+1,1,null,00:24:18.1,,,,,,,,,,null,,,,null,5,5,null,,,,BT7980SWRLOG__SMRL
7,7,,null,0,HEIKKINEN Erkki,HEIKKINEN E.,HEIKKINEN,Erkki,FIN,7,2,7,0+1,1,null,00:25:03.7,,,,,,,,,,null,,,,null,9,8,null,,,,BT7980SWRLOG__SMRL
7,7,,null,0,SUUTARINEN Kari,SUUTARINEN K.,SUUTARINEN,Kari,FIN,7,3,7,0+1,1,null,00:24:54.7,,,,,,,,,,null,,,,null,8,8,null,,,,BT7980SWRLOG__SMRL
7,7,,null,0,ELORANTA Heikki,ELORANTA H.,ELORANTA,Heikki,FIN,7,4,7,0+3,3,null,00:24:34.3,,,,,,,,,,null,,,,null,7,7,null,,,,BT7980SWRLOG__SMRL
8,8,,null,1,USA,USA,,null,USA,8,,8,,null,null,01:39:24.2,,,,,,,,,,+05:20.9,,,,+05:20.9,,,,,null,,,,BT7980SWRLOG__SMRL
8,8,,null,0,DONAHUE Martin,DONAHUE M.,DONAHUE,Martin,USA,8,1,8,null,null,null,00:24:55.2,,,,,,,,,,null,,,,null,12,12,null,,,,BT7980SWRLOG__SMRL
8,8,,null,0,CARNEY Lyle,CARNEY L.,CARNEY,Lyle,USA,8,2,8,null,null,null,00:24:50.4,,,,,,,,,,null,,,,null,7,10,null,,,,BT7980SWRLOG__SMRL
8,8,,null,0,BOWSER Donald,BOWSER D.,BOWSER,Donald,USA,8,3,8,null,null,null,00:24:33.1,,,,,,,,,,null,,,,null,4,9,null,,,,BT7980SWRLOG__SMRL
8,8,,null,0,JORDAN Peter,JORDAN P.,JORDAN,Peter,USA,8,4,8,null,null,null,00:25:05.5,,,,,,,,,,null,,,,null,8,8,null,,,,BT7980SWRLOG__SMRL
9,9,,null,1,CZECHOSLOVAKIA,CZECHOSLOVAKIA,,null,TCH,9,,9,,4,null,01:40:30.2,,,,,,,,,,+06:26.9,,,,+06:26.9,,,,,null,,,,BT7980SWRLOG__SMRL
9,9,,null,0,BARTUSKA Josef,BARTUSKA J.,BARTUSKA,Josef,TCH,9,1,9,0+1,1,null,00:24:31.2,,,,,,,,,,null,,,,null,8,8,null,,,,BT7980SWRLOG__SMRL
9,9,,null,0,WAERHAUG Jaromir,WAERHAUG J.,WAERHAUG,Jaromir,TCH,9,2,9,3+0,3,null,00:26:24.0,,,,,,,,,,null,,,,null,14,13,null,,,,BT7980SWRLOG__SMRL
9,9,,null,0,SORMU Peter,SORMU P.,SORMU,Peter,TCH,9,3,9,0+0,0,null,00:24:19.4,,,,,,,,,,null,,,,null,2,11,null,,,,BT7980SWRLOG__SMRL
9,9,,null,0,BORKOWSKI Zdenek,BORKOWSKI Z.,BORKOWSKI,Zdenek,TCH,9,4,9,0+0,0,null,00:25:15.6,,,,,,,,,,null,,,,null,9,9,null,,,,BT7980SWRLOG__SMRL
10,10,,null,1,SWEDEN,SWEDEN,,null,SWE,10,,10,,6,null,01:40:44.6,,,,,,,,,,+06:41.3,,,,+06:41.3,,,,,null,,,,BT7980SWRLOG__SMRL
10,10,,null,0,MANNERMÄKI Hans,MANNERMÄKI H.,MANNERMÄKI,Hans,SWE,10,1,10,0+0,0,null,00:24:54.4,,,,,,,,,,null,,,,null,10,10,null,,,,BT7980SWRLOG__SMRL
10,10,,null,0,ERIKSSON Per,ERIKSSON P.,ERIKSSON,Per,SWE,10,2,10,0+0,0,null,00:24:04.1,,,,,,,,,,null,,,,null,3,4,null,,,,BT7980SWRLOG__SMRL
10,10,,null,0,ARWIDSON Sven,ARWIDSON S.,ARWIDSON,Sven,SWE,10,3,10,0+3,3,null,00:26:30.1,,,,,,,,,,null,,,,null,14,12,null,,,,BT7980SWRLOG__SMRL
10,10,,null,0,PETTERSSON Ronnie,PETTERSSON R.,PETTERSSON,Ronnie,SWE,10,4,10,0+3,3,null,00:25:16.0,,,,,,,,,,null,,,,null,10,10,null,,,,BT7980SWRLOG__SMRL
11,11,,null,1,ITALY,ITALY,,null,ITA,11,,11,,15,null,01:41:07.4,,,,,,,,,,+07:04.1,,,,+07:04.1,,,,,null,,,,BT7980SWRLOG__SMRL
11,11,,null,0,BERTIN Arduino,BERTIN A.,BERTIN,Arduino,ITA,11,1,11,0+2,2,null,00:24:27.1,,,,,,,,,,null,,,,null,7,7,null,,,,BT7980SWRLOG__SMRL
11,11,,null,0,MANFREDINI Adriano,MANFREDINI A.,MANFREDINI,Adriano,ITA,11,2,11,0+2,2,null,00:24:35.3,,,,,,,,,,null,,,,null,6,3,null,,,,BT7980SWRLOG__SMRL
11,11,,null,0,PONTICELLI Celestino,PONTICELLI C.,PONTICELLI,Celestino,ITA,11,3,11,0+3,3,null,00:25:44.3,,,,,,,,,,null,,,,null,11,6,null,,,,BT7980SWRLOG__SMRL
11,11,,null,0,BERTIN Luigi,BERTIN L.,BERTIN,Luigi,ITA,11,4,11,2+6,8,null,00:26:20.7,,,,,,,,,,null,,,,null,13,11,null,,,,BT7980SWRLOG__SMRL
12,12,,null,1,POLAND,POLAND,,null,POL,12,,12,,null,null,01:44:19.6,,,,,,,,,,+10:16.3,,,,+10:16.3,,,,,null,,,,BT7980SWRLOG__SMRL
12,12,,null,0,KOSSAKOWSKI Stanislaw,KOSSAKOWSKI S.,KOSSAKOWSKI,Stanislaw,POL,12,1,12,null,null,null,00:24:35.3,,,,,,,,,,null,,,,null,9,9,null,,,,BT7980SWRLOG__SMRL
12,12,,null,0,MEINILÄ Andrzej,MEINILÄ A.,MEINILÄ,Andrzej,POL,12,2,12,null,null,null,00:25:52.3,,,,,,,,,,null,,,,null,13,11,null,,,,BT7980SWRLOG__SMRL
13,13,,null,1,JAPAN,JAPAN,,null,JPN,13,,13,,7,null,01:45:53.9,,,,,,,,,,+11:50.6,,,,+11:50.6,,,,,null,,,,BT7980SWRLOG__SMRL
14,14,,null,1,GREAT BRITAIN,GREAT BRITAIN,,null,GBR,14,,14,,null,null,01:47:33.6,,,,,,,,,,+13:30.3,,,,+13:30.3,,,,,null,,,,BT7980SWRLOG__SMRL
15,15,,null,1,ROMANIA,ROMANIA,,null,ROU,15,,15,,null,null,01:48:42.1,,,,,,,,,,+14:38.8,,,,+14:38.8,,,,,null,,,,BT7980SWRLOG__SMRL